Date;site;transect;quadrat;percentCover_allCoral;percentCover_macroalgae;percentCover_CTB
01/12/1987;Tektite;1;T1Q1;16.5;3.5;6
01/12/1987;Tektite;1;T1Q2;10;6;74
01/12/1987;Tektite;1;T1Q3;13.5;3.5;45
01/12/1987;Tektite;1;T1Q4;15.5;6.5;61.5
01/12/1987;Tektite;1;T1Q5;19;4;48
01/12/1987;Tektite;1;T1Q6;13.5;14.5;10
01/12/1987;Tektite;1;T1Q7;23.5;12;3
01/12/1987;Tektite;1;T1Q8;38;4;29
01/12/1987;Tektite;1;T1Q9;31.5;7.5;38
01/12/1987;Tektite;1;T1Q10;36;4.5;30.5
01/12/1987;Tektite;2;T2Q1;46.5;9.5;29
01/12/1987;Tektite;2;T2Q2;36.5;13;31.5
01/12/1987;Tektite;2;T2Q3;9.5;7.5;26
01/12/1987;Tektite;2;T2Q4;30;1;24
01/12/1987;Tektite;2;T2Q5;47.5;5.5;10
01/12/1987;Tektite;2;T2Q6;42.5;4.5;11.5
01/12/1987;Tektite;2;T2Q7;51.5;3.5;6
01/12/1987;Tektite;2;T2Q8;53;1.5;14.5
01/12/1987;Tektite;2;T2Q9;39;2;19
01/12/1987;Tektite;2;T2Q10;33.5;6.5;15.5
01/12/1987;Tektite;3;T3Q1;27;13;22
01/12/1987;Tektite;3;T3Q2;43.5;1;16
01/12/1987;Tektite;3;T3Q3;58.6;4.7;19.3
01/12/1987;Tektite;3;T3Q4;30.5;6.5;31
01/12/1987;Tektite;3;T3Q5;25.5;8;31
01/12/1987;Tektite;3;T3Q6;18;5.5;39
01/12/1987;Tektite;3;T3Q7;44;2;30
01/12/1987;Tektite;3;T3Q8;50.5;3.5;19.5
01/12/1987;Tektite;3;T3Q9;33.5;3;14.5
01/12/1987;Tektite;3;T3Q10;29;8.5;20.5
01/03/1988;Tektite;1;T1Q1;19.5;0.5;44.5
01/03/1988;Tektite;1;T1Q2;11;0;63
01/03/1988;Tektite;1;T1Q3;13.5;14.5;39.5
01/03/1988;Tektite;1;T1Q4;13.5;6;46
01/03/1988;Tektite;1;T1Q5;13.5;5.5;62
01/03/1988;Tektite;1;T1Q6;14;19;19
01/03/1988;Tektite;1;T1Q7;23.8;6.8;6.8
01/03/1988;Tektite;1;T1Q8;39;0;29
01/03/1988;Tektite;1;T1Q9;26.5;4.5;38.5
01/03/1988;Tektite;2;T2Q1;16;13;32.5
01/03/1988;Tektite;2;T2Q2;22;12;21
01/03/1988;Tektite;2;T2Q3;22.5;15;36.5
01/03/1988;Tektite;2;T2Q4;38;2.5;25.5
01/03/1988;Tektite;2;T2Q5;50.5;3.5;11.5
01/03/1988;Tektite;2;T2Q6;45.5;5;21
01/03/1988;Tektite;2;T2Q7;47;1.5;19.5
01/03/1988;Tektite;2;T2Q8;54;2;10.5
01/03/1988;Tektite;2;T2Q9;48;2.5;18
01/03/1988;Tektite;2;T2Q10;45;8.5;15.5
01/03/1988;Tektite;3;T3Q1;33.5;5;12.5
01/03/1988;Tektite;3;T3Q2;48.5;2.5;25.5
01/03/1988;Tektite;3;T3Q3;56.5;3.5;10.5
01/03/1988;Tektite;3;T3Q4;42.5;4;24.5
01/03/1988;Tektite;3;T3Q5;20;10.5;44.5
01/03/1988;Tektite;3;T3Q6;20;8;32
01/03/1988;Tektite;3;T3Q7;37;5;14
01/03/1988;Tektite;3;T3Q8;50.5;6.5;14
01/03/1988;Tektite;3;T3Q9;49;2;22
01/03/1988;Tektite;3;T3Q10;31;7.5;25
01/07/1988;Tektite;1;T1Q1;25.5;17.5;33.5
01/07/1988;Tektite;1;T1Q2;8.5;31.5;40.5
01/07/1988;Tektite;1;T1Q3;13.8;10.1;29.8
01/07/1988;Tektite;1;T1Q4;21;26.5;33
01/07/1988;Tektite;1;T1Q5;17.5;14.5;41
01/07/1988;Tektite;1;T1Q6;8;30;10.5
01/07/1988;Tektite;1;T1Q7;23;5.5;9
01/07/1988;Tektite;1;T1Q8;42;3;22
01/07/1988;Tektite;1;T1Q9;39.5;7.5;34.5
01/07/1988;Tektite;1;T1Q10;27;20;23
01/07/1988;Tektite;2;T2Q1;20.5;26;27.5
01/07/1988;Tektite;2;T2Q2;29.5;24.5;29.5
01/07/1988;Tektite;2;T2Q3;17.5;11;27.5
01/07/1988;Tektite;2;T2Q4;29.5;3.5;25
01/07/1988;Tektite;2;T2Q5;44;0.5;7.5
01/07/1988;Tektite;2;T2Q6;48.5;3;9
01/07/1988;Tektite;2;T2Q7;34;6;26
01/07/1988;Tektite;2;T2Q8;55.5;2;7
01/07/1988;Tektite;2;T2Q9;46;5.5;21
01/07/1988;Tektite;2;T2Q10;41.5;7.5;26.5
01/07/1988;Tektite;3;T3Q1;33.5;16.5;12.5
01/07/1988;Tektite;3;T3Q2;49;12;15.5
01/07/1988;Tektite;3;T3Q3;52;8.5;12.5
01/07/1988;Tektite;3;T3Q4;35;10;25
01/07/1988;Tektite;3;T3Q5;24;9;27.5
01/07/1988;Tektite;3;T3Q6;30.5;14;22.5
01/07/1988;Tektite;3;T3Q7;45;8.5;16.5
01/07/1988;Tektite;3;T3Q8;50;3.5;11.5
01/07/1988;Tektite;3;T3Q9;46.5;11;16
01/07/1988;Tektite;3;T3Q10;39;14;32.5
01/12/1988;Tektite;2;T2Q1;19;37;24.5
01/12/1988;Tektite;2;T2Q2;24.5;16;19.5
01/12/1988;Tektite;2;T2Q3;17.5;35;29.5
01/12/1988;Tektite;2;T2Q4;39.5;7.5;20.5
01/12/1988;Tektite;2;T2Q5;48;5;21
01/12/1988;Tektite;2;T2Q6;38.5;9;29.5
01/12/1988;Tektite;2;T2Q7;53.5;7;12
01/12/1988;Tektite;2;T2Q8;51;6.5;7.5
01/12/1988;Tektite;2;T2Q9;43.5;1.5;18
01/12/1988;Tektite;2;T2Q10;41;6;30.5
01/12/1988;Tektite;3;T3Q1;38;11.5;17
01/12/1988;Tektite;3;T3Q2;44;4.5;26
01/12/1988;Tektite;3;T3Q3;41.5;9.1;16.1
01/12/1988;Tektite;3;T3Q4;29;9;23
01/12/1988;Tektite;3;T3Q5;23.5;12.5;25
01/12/1988;Tektite;3;T3Q6;24.5;3.5;40.5
01/12/1988;Tektite;3;T3Q7;36.5;9.5;10.5
01/12/1988;Tektite;3;T3Q8;44.5;6;19.5
01/12/1988;Tektite;3;T3Q9;45.5;6.5;17.5
01/12/1988;Tektite;3;T3Q10;31.5;3;35.5
01/04/1989;Tektite;1;T1Q1;31;9;30
01/04/1989;Tektite;1;T1Q2;9.5;21;31.5
01/04/1989;Tektite;1;T1Q3;9;15;26
01/04/1989;Tektite;1;T1Q4;9;31;24.5
01/04/1989;Tektite;1;T1Q5;13;16;50
01/04/1989;Tektite;1;T1Q6;13;18.5;20.5
01/04/1989;Tektite;1;T1Q7;41;9.5;16.5
01/04/1989;Tektite;1;T1Q8;37;8;32
01/04/1989;Tektite;1;T1Q9;26.5;8;37.5
01/04/1989;Tektite;1;T1Q10;35.5;21;25.5
01/04/1989;Tektite;2;T2Q1;22.5;26.5;27
01/04/1989;Tektite;2;T2Q2;38.5;6;31
01/04/1989;Tektite;2;T2Q3;17.5;19;17
01/04/1989;Tektite;2;T2Q4;46;6;19
01/04/1989;Tektite;2;T2Q5;46.5;2;18.5
01/04/1989;Tektite;2;T2Q6;38.5;4.5;22
01/04/1989;Tektite;2;T2Q7;60.5;0.5;14
01/04/1989;Tektite;2;T2Q8;53;0;9.5
01/04/1989;Tektite;2;T2Q9;63;0;22
01/04/1989;Tektite;2;T2Q10;42.5;4;29
01/04/1989;Tektite;3;T3Q1;38.5;0;20.5
01/04/1989;Tektite;3;T3Q2;50;2;18
01/04/1989;Tektite;3;T3Q3;51;3;21
01/04/1989;Tektite;3;T3Q4;34;2.5;37
01/04/1989;Tektite;3;T3Q5;26;2;37
01/04/1989;Tektite;3;T3Q6;43;1;32.5
01/04/1989;Tektite;3;T3Q7;55;8.5;22.5
01/04/1989;Tektite;3;T3Q8;43;1.5;22
01/04/1989;Tektite;3;T3Q9;47;1.5;20.5
01/04/1989;Tektite;3;T3Q10;45;5.5;22.5
01/10/1989;Tektite;1;T1Q1;24.5;6.5;41.5
01/10/1989;Tektite;1;T1Q2;14.5;5;51
01/10/1989;Tektite;1;T1Q3;18.5;0;49.5
01/10/1989;Tektite;1;T1Q4;15.5;7;44.5
01/10/1989;Tektite;1;T1Q5;35;13;31
01/10/1989;Tektite;1;T1Q6;39;2.5;20
01/10/1989;Tektite;1;T1Q7;39.5;0;32
01/10/1989;Tektite;1;T1Q8;37.5;8.5;18
01/10/1989;Tektite;1;T1Q9;34;6;29.5
01/10/1989;Tektite;1;T1Q10;42.5;11;12.5
01/10/1989;Tektite;2;T2Q1;26;12.5;31.5
01/10/1989;Tektite;2;T2Q2;28;9.5;20.5
01/10/1989;Tektite;2;T2Q3;16.5;7.5;42.5
01/10/1989;Tektite;2;T2Q4;44;3;19.5
01/10/1989;Tektite;2;T2Q5;54;3.5;19.5
01/10/1989;Tektite;2;T2Q6;47;0;29
01/10/1989;Tektite;2;T2Q7;67.5;0.5;21.5
01/10/1989;Tektite;2;T2Q8;61.5;2;7.5
01/10/1989;Tektite;2;T2Q9;55.5;3;12
01/10/1989;Tektite;2;T2Q10;43.5;1.5;18
01/10/1989;Tektite;3;T3Q1;34.5;6.5;23
01/10/1989;Tektite;3;T3Q2;59;3.5;16.5
01/10/1989;Tektite;3;T3Q3;38.5;1.5;21.5
01/10/1989;Tektite;3;T3Q4;20.5;1;26
01/10/1989;Tektite;3;T3Q5;26;2;43.5
01/10/1989;Tektite;3;T3Q6;22.5;16.5;32
01/10/1989;Tektite;3;T3Q7;55;8.5;19.5
01/10/1989;Tektite;3;T3Q8;57;3.5;26.5
01/10/1989;Tektite;3;T3Q9;46.5;8;22
01/10/1989;Tektite;3;T3Q10;35.5;6.5;40
01/09/1990;Tektite;1;T1Q1;31;28;16
01/09/1990;Tektite;1;T1Q2;11;42;15.5
01/09/1990;Tektite;1;T1Q3;19.5;26;28.5
01/09/1990;Tektite;1;T1Q4;12.8;40.5;25
01/09/1990;Tektite;1;T1Q5;28;23;30.5
01/09/1990;Tektite;1;T1Q6;48;12;20.5
01/09/1990;Tektite;1;T1Q7;38.5;8;28
01/09/1990;Tektite;1;T1Q8;44.5;13;22
01/09/1990;Tektite;1;T1Q9;30;13.5;19
01/09/1990;Tektite;1;T1Q10;40.5;15;25
01/09/1990;Tektite;2;T2Q1;20.5;19;23.5
01/09/1990;Tektite;2;T2Q2;24.5;6.5;32.5
01/09/1990;Tektite;2;T2Q3;21;22.5;21.5
01/09/1990;Tektite;2;T2Q4;49.5;1.5;28.5
01/09/1990;Tektite;2;T2Q5;57;0.5;6.5
01/09/1990;Tektite;2;T2Q6;48.5;1;25.5
01/09/1990;Tektite;2;T2Q7;69.5;0;15
01/09/1990;Tektite;2;T2Q8;62;1;16
01/09/1990;Tektite;2;T2Q9;51.5;2;38
01/09/1990;Tektite;2;T2Q10;52;2;14
01/09/1990;Tektite;3;T3Q1;25;22;11
01/09/1990;Tektite;3;T3Q2;53;1;19.5
01/09/1990;Tektite;3;T3Q3;50;4.5;20.5
01/09/1990;Tektite;3;T3Q4;30.5;5;26
01/09/1990;Tektite;3;T3Q5;29;1;34
01/09/1990;Tektite;3;T3Q6;32;8.5;36.5
01/09/1990;Tektite;3;T3Q7;51;16;15.5
01/09/1990;Tektite;3;T3Q8;46;10;21
01/09/1990;Tektite;3;T3Q9;48;5;22.5
01/09/1990;Tektite;3;T3Q10;41.5;11.5;29.5
01/03/1991;Tektite;1;T1Q1;21.5;2.5;33
01/03/1991;Tektite;1;T1Q2;16.5;25;26.5
01/03/1991;Tektite;1;T1Q3;27.6;7.5;26
01/03/1991;Tektite;1;T1Q4;21.9;32;14
01/03/1991;Tektite;1;T1Q5;38.5;6.5;23
01/03/1991;Tektite;1;T1Q6;40;2;8.5
01/03/1991;Tektite;1;T1Q7;40.5;3;21.5
01/03/1991;Tektite;1;T1Q8;36.5;2.5;9
01/03/1991;Tektite;1;T1Q9;18.5;1.5;21
01/03/1991;Tektite;1;T1Q10;41.1;6;21.5
01/03/1991;Tektite;2;T2Q1;16.5;26;11.5
01/03/1991;Tektite;2;T2Q2;25;10;24.5
01/03/1991;Tektite;2;T2Q3;17;7;29
01/03/1991;Tektite;2;T2Q4;46.5;0;21.5
01/03/1991;Tektite;2;T2Q5;56;1;8
01/03/1991;Tektite;2;T2Q6;50;0;13
01/03/1991;Tektite;2;T2Q7;70.8;0;9.5
01/03/1991;Tektite;2;T2Q8;52.6;0;11.5
01/03/1991;Tektite;2;T2Q9;61.5;2.5;12.5
01/03/1991;Tektite;2;T2Q10;51;0;16.5
01/03/1991;Tektite;3;T3Q1;32;9;20
01/03/1991;Tektite;3;T3Q2;52.6;0;13.5
01/03/1991;Tektite;3;T3Q3;56;0;13.5
01/03/1991;Tektite;3;T3Q4;38.1;2.5;23
01/03/1991;Tektite;3;T3Q5;28.5;1;26.5
01/03/1991;Tektite;3;T3Q6;29.5;3;26.5
01/03/1991;Tektite;3;T3Q7;50.3;2;21
01/03/1991;Tektite;3;T3Q8;47.7;0;12
01/03/1991;Tektite;3;T3Q9;41.2;1.5;25.5
01/03/1991;Tektite;3;T3Q10;45.7;5.5;23
01/05/1992;Tektite;2;T2Q1;20.5;1;34.5
01/05/1992;Tektite;2;T2Q2;25.5;2;32.5
01/05/1992;Tektite;2;T2Q3;26;0;34.5
01/05/1992;Tektite;2;T2Q4;38;0;25
01/05/1992;Tektite;2;T2Q5;57;1.5;11.5
01/05/1992;Tektite;2;T2Q6;42.5;2.5;14
01/05/1992;Tektite;2;T2Q7;55.5;0;13.5
01/05/1992;Tektite;2;T2Q8;52;0;11.5
01/05/1992;Tektite;2;T2Q9;48;0;17.5
01/05/1992;Tektite;2;T2Q10;41;2.5;20
01/05/1992;Tektite;3;T3Q1;30;14;25
01/05/1992;Tektite;3;T3Q2;53;2.5;11
01/05/1992;Tektite;3;T3Q3;24.5;3.5;17
01/05/1992;Tektite;3;T3Q4;21.5;4;36
01/05/1992;Tektite;3;T3Q5;28.5;2.5;28
01/05/1992;Tektite;3;T3Q7;25.5;5;27
01/05/1992;Tektite;3;T3Q8;53.5;7;13.5
01/05/1992;Tektite;3;T3Q9;33;6.5;32
01/06/1993;Tektite;1;T1Q1;16.3;6.2;30.3
01/06/1993;Tektite;1;T1Q2;4;5;32.3
01/06/1993;Tektite;1;T1Q3;22.7;6.1;25.6
01/06/1993;Tektite;1;T1Q4;12.1;7.9;30.9
01/06/1993;Tektite;1;T1Q5;45;1.3;17.2
01/06/1993;Tektite;1;T1Q6;69.4;3.5;8.5
01/06/1993;Tektite;1;T1Q7;53.7;1.4;28.8
01/06/1993;Tektite;1;T1Q8;56.7;0;5.3
01/06/1993;Tektite;1;T1Q9;28.4;0;17.5
01/06/1993;Tektite;1;T1Q10;50.3;0.6;15.1
01/06/1993;Tektite;2;T2Q1;13.3;3.9;15.6
01/06/1993;Tektite;2;T2Q2;22.6;7.3;21
01/06/1993;Tektite;2;T2Q3;22.2;8.2;25.9
01/06/1993;Tektite;2;T2Q4;36.2;4.8;22.6
01/06/1993;Tektite;2;T2Q5;73.7;1.3;8.9
01/06/1993;Tektite;2;T2Q6;75.1;4.5;10.3
01/06/1993;Tektite;2;T2Q7;73.6;1.3;7.6
01/06/1993;Tektite;2;T2Q8;58.3;6.4;11.5
01/06/1993;Tektite;2;T2Q9;47.4;2.5;8.7
01/06/1993;Tektite;2;T2Q10;44.9;3.9;8.8
01/06/1993;Tektite;3;T3Q1;21.2;7.2;25.5
01/06/1993;Tektite;3;T3Q2;32.4;4.2;10.5
01/06/1993;Tektite;3;T3Q3;56.1;1.3;7.3
01/06/1993;Tektite;3;T3Q4;30;9.5;19
01/06/1993;Tektite;3;T3Q5;26.2;8.5;29.5
01/06/1993;Tektite;3;T3Q6;28;10;6
01/06/1993;Tektite;3;T3Q7;29;19;20
01/06/1993;Tektite;3;T3Q8;50.7;4.9;5.6
01/06/1993;Tektite;3;T3Q9;37.6;3;26
01/06/1993;Tektite;3;T3Q10;37.1;4.5;15.5
01/08/1994;Tektite;1;T1Q1;22.6;3.7;12.5
01/08/1994;Tektite;1;T1Q2;4.2;36.5;0
01/08/1994;Tektite;1;T1Q3;8.4;30.4;1.6
01/08/1994;Tektite;1;T1Q4;12.6;16.8;19.5
01/08/1994;Tektite;1;T1Q5;50.5;3.7;25.3
01/08/1994;Tektite;1;T1Q6;34.5;2;28.5
01/08/1994;Tektite;1;T1Q7;34.5;3.2;40.7
01/08/1994;Tektite;1;T1Q8;42.5;4.7;13.5
01/08/1994;Tektite;1;T1Q9;44;5.5;14
01/08/1994;Tektite;1;T1Q10;52.5;2;11.5
01/08/1994;Tektite;2;T2Q1;23.5;32;11
01/08/1994;Tektite;2;T2Q2;17;16.5;8.5
01/08/1994;Tektite;2;T2Q3;23;6.5;13
01/08/1994;Tektite;2;T2Q4;41;16;9
01/08/1994;Tektite;2;T2Q5;71.1;5.8;3.2
01/08/1994;Tektite;2;T2Q6;60.5;3.5;7.5
01/08/1994;Tektite;2;T2Q7;64;3;4.5
01/08/1994;Tektite;2;T2Q8;64;2;2.5
01/08/1994;Tektite;2;T2Q9;56;4.5;11
01/08/1994;Tektite;2;T2Q10;44.5;9;3.5
01/08/1994;Tektite;3;T3Q1;36;6.5;22
01/08/1994;Tektite;3;T3Q2;60.5;5.5;8
01/08/1994;Tektite;3;T3Q3;42;7.5;6
01/08/1994;Tektite;3;T3Q4;20;16;15.5
01/08/1994;Tektite;3;T3Q5;34;9.5;17.5
01/08/1994;Tektite;3;T3Q6;39;17;8.5
01/08/1994;Tektite;3;T3Q7;46.5;17.5;3
01/08/1994;Tektite;3;T3Q8;57.5;6;3.5
01/08/1994;Tektite;3;T3Q9;47;7;15.5
01/08/1994;Tektite;3;T3Q10;41.5;1;19
01/05/1995;Tektite;1;T1Q1;29;13;21
01/05/1995;Tektite;1;T1Q2;14;30;20.5
01/05/1995;Tektite;1;T1Q3;26;14.5;11.5
01/05/1995;Tektite;1;T1Q4;16.5;20;26.5
01/05/1995;Tektite;1;T1Q5;45;5;14
01/05/1995;Tektite;1;T1Q6;39;7;8.5
01/05/1995;Tektite;1;T1Q7;42;3;15.5
01/05/1995;Tektite;1;T1Q8;31;4.5;8
01/05/1995;Tektite;1;T1Q9;29;5.5;5
01/05/1995;Tektite;1;T1Q10;49.5;5;11
01/05/1995;Tektite;2;T2Q1;26;16.5;24
01/05/1995;Tektite;2;T2Q2;24;13;13
01/05/1995;Tektite;2;T2Q3;37;4;25.5
01/05/1995;Tektite;2;T2Q4;41.5;9.5;16.5
01/05/1995;Tektite;2;T2Q5;56;0.5;2.5
01/05/1995;Tektite;2;T2Q6;45;1.5;8
01/05/1995;Tektite;2;T2Q7;66.5;0;11
01/05/1995;Tektite;2;T2Q8;57.5;0;61.5
01/05/1995;Tektite;2;T2Q9;47.5;7.5;6.5
01/05/1995;Tektite;2;T2Q10;49.5;7;5
01/05/1995;Tektite;3;T3Q1;30;5.5;16.5
01/05/1995;Tektite;3;T3Q2;48;5;10
01/05/1995;Tektite;3;T3Q3;34.5;0.5;17
01/05/1995;Tektite;3;T3Q4;38;10;8.5
01/05/1995;Tektite;3;T3Q5;34;2;19.5
01/05/1995;Tektite;3;T3Q6;47.5;0.5;14.5
01/05/1995;Tektite;3;T3Q7;43.5;14;3
01/05/1995;Tektite;3;T3Q8;41;1.5;8
01/05/1995;Tektite;3;T3Q9;39.5;4.5;16.5
01/05/1995;Tektite;3;T3Q10;38;11.5;13
01/05/1996;Tektite;1;T1Q1;38.5;10.2;18.7
01/05/1996;Tektite;1;T1Q2;9.7;35;18.8
01/05/1996;Tektite;1;T1Q3;16.9;26.8;20.8
01/05/1996;Tektite;1;T1Q4;10.9;31.6;8.7
01/05/1996;Tektite;1;T1Q5;42.2;10.3;8.1
01/05/1996;Tektite;1;T1Q6;46.4;9.2;2.6
01/05/1996;Tektite;1;T1Q7;39;8.7;12.3
01/05/1996;Tektite;1;T1Q8;36.7;15.4;14.9
01/05/1996;Tektite;1;T1Q9;26;15.1;14.1
01/05/1996;Tektite;1;T1Q10;59.6;5.3;2.7
01/05/1996;Tektite;1;T1Q11;18.5;26;15.9
01/05/1996;Tektite;2;T2Q1;12.8;38;12.8
01/05/1996;Tektite;2;T2Q2;20.8;21.8;15.7
01/05/1996;Tektite;2;T2Q3;33.7;12.2;6.6
01/05/1996;Tektite;2;T2Q4;34.2;9.7;13.8
01/05/1996;Tektite;2;T2Q5;73.7;2.2;1.1
01/05/1996;Tektite;2;T2Q6;59.8;0;9
01/05/1996;Tektite;2;T2Q7;76.3;0.5;2.2
01/05/1996;Tektite;2;T2Q8;52.4;4.3;12.3
01/05/1996;Tektite;2;T2Q9;45.9;13.3;33.2
01/05/1996;Tektite;2;T2Q10;44.6;10.2;23.7
01/05/1996;Tektite;3;T3Q1;21.6;12.4;31.4
01/05/1996;Tektite;3;T3Q2;41.7;3.7;26.2
01/05/1996;Tektite;3;T3Q3;46.4;5.7;1
01/05/1996;Tektite;3;T3Q4;22.6;13.7;7.4
01/05/1996;Tektite;3;T3Q5;26.1;7.4;18.6
01/05/1996;Tektite;3;T3Q6;42.2;8.7;19.5
01/05/1996;Tektite;3;T3Q7;61.2;6;2.2
01/05/1996;Tektite;3;T3Q8;46.7;4.4;2.7
01/05/1996;Tektite;3;T3Q9;48.9;14.3;8.8
01/05/1996;Tektite;3;T3Q10;50.5;14.3;6.8
01/08/1997;Tektite;1;T1Q1;32.5;8;17.5
01/08/1997;Tektite;1;T1Q2;11.5;43.5;4
01/08/1997;Tektite;1;T1Q3;17.5;28.5;1
01/08/1997;Tektite;1;T1Q4;16;26;10.5
01/08/1997;Tektite;1;T1Q5;34.5;16.5;7.5
01/08/1997;Tektite;1;T1Q6;37;10.5;1.5
01/08/1997;Tektite;1;T1Q7;38;9;8
01/08/1997;Tektite;1;T1Q8;47;11;9
01/08/1997;Tektite;1;T1Q9;38;11.5;9
01/08/1997;Tektite;1;T1Q10;53.5;6.5;5.5
01/08/1997;Tektite;2;T2Q1;19.5;24.5;7
01/08/1997;Tektite;2;T2Q2;34.5;19;9
01/08/1997;Tektite;2;T2Q3;27;10.5;20
01/08/1997;Tektite;2;T2Q4;47;3;14.5
01/08/1997;Tektite;2;T2Q5;60.5;3.5;1.5
01/08/1997;Tektite;2;T2Q6;51.5;5;10.5
01/08/1997;Tektite;2;T2Q7;64.5;0;7.5
01/08/1997;Tektite;2;T2Q8;59.5;6.5;5
01/08/1997;Tektite;2;T2Q9;52;8.5;7.5
01/08/1997;Tektite;2;T2Q10;55;4.5;7.5
01/08/1997;Tektite;3;T3Q1;30;15;15
01/08/1997;Tektite;3;T3Q2;53.5;0;6
01/08/1997;Tektite;3;T3Q3;45.5;9.5;12
01/08/1997;Tektite;3;T3Q4;28;3.5;19
01/08/1997;Tektite;3;T3Q5;39;2.5;22
01/08/1997;Tektite;3;T3Q6;45.5;0;12
01/08/1997;Tektite;3;T3Q7;62.5;9.5;3.5
01/08/1997;Tektite;3;T3Q8;44;1;18
01/08/1997;Tektite;3;T3Q9;55;8.5;8
01/08/1997;Tektite;3;T3Q10;50.5;5;17.5
01/08/1998;Tektite;1;T1Q1;33.7;17.5;16.5
01/08/1998;Tektite;1;T1Q2;15.6;52.5;8.5
01/08/1998;Tektite;1;T1Q3;19.9;28;19
01/08/1998;Tektite;1;T1Q4;16.3;32.5;28.5
01/08/1998;Tektite;1;T1Q5;34.9;29.5;6
01/08/1998;Tektite;1;T1Q6;41.4;12.5;17
01/08/1998;Tektite;1;T1Q7;36.7;14;25
01/08/1998;Tektite;1;T1Q8;51.9;9;12
01/08/1998;Tektite;1;T1Q9;39.2;10;19
01/08/1998;Tektite;1;T1Q10;57.2;7.5;9.5
01/08/1998;Tektite;2;T2Q1;25.1;19.5;23
01/08/1998;Tektite;2;T2Q2;37.4;16;20
01/08/1998;Tektite;2;T2Q3;42.7;15.5;13
01/08/1998;Tektite;2;T2Q4;37.4;3;19
01/08/1998;Tektite;2;T2Q5;66.9;6.5;4
01/08/1998;Tektite;2;T2Q6;53.4;8.5;10.5
01/08/1998;Tektite;2;T2Q7;55.1;2;7
01/08/1998;Tektite;2;T2Q8;67.2;1.5;14.5
01/08/1998;Tektite;2;T2Q9;62.7;11;7
01/08/1998;Tektite;2;T2Q10;66.9;10;7
01/08/1998;Tektite;3;T3Q1;31.1;10.5;22
01/08/1998;Tektite;3;T3Q2;60;2.5;8
01/08/1998;Tektite;3;T3Q3;45.9;3;3
01/08/1998;Tektite;3;T3Q4;26.6;8.5;19
01/08/1998;Tektite;3;T3Q5;49.1;10;20
01/08/1998;Tektite;3;T3Q6;50.3;7.5;10
01/08/1998;Tektite;3;T3Q7;49.2;12;4.5
01/08/1998;Tektite;3;T3Q8;39.3;2;5.5
01/08/1998;Tektite;3;T3Q9;42;13;15.5
01/08/1998;Tektite;3;T3Q10;46.2;9.5;16
01/08/1999;Tektite;1;T1Q1;27.9;23.4;22.3
01/08/1999;Tektite;1;T1Q2;15.6;46.2;11.1
01/08/1999;Tektite;1;T1Q3;17;44.5;8.5
01/08/1999;Tektite;1;T1Q4;11.1;54;12.2
01/08/1999;Tektite;1;T1Q5;53.9;16.1;7.3
01/08/1999;Tektite;1;T1Q6;33.2;15.8;11.2
01/08/1999;Tektite;1;T1Q7;48.7;12.3;14.9
01/08/1999;Tektite;1;T1Q8;36.1;12.4;24.7
01/08/1999;Tektite;1;T1Q9;47.7;9.7;8.2
01/08/1999;Tektite;1;T1Q10;40.7;24.2;4.1
01/08/1999;Tektite;2;T2Q1;34.9;26.7;7.7
01/08/1999;Tektite;2;T2Q2;34.5;12.5;30
01/08/1999;Tektite;2;T2Q3;19.9;20.9;30.9
01/08/1999;Tektite;2;T2Q4;43.9;16.3;14.3
01/08/1999;Tektite;2;T2Q5;57.8;7.5;7.5
01/08/1999;Tektite;2;T2Q6;50.8;15.9;9.7
01/08/1999;Tektite;2;T2Q7;55.1;2;10.2
01/08/1999;Tektite;2;T2Q8;63.5;8.1;10.7
01/08/1999;Tektite;2;T2Q9;76.9;3.1;13.8
01/08/1999;Tektite;2;T2Q10;60.5;10.3;5.1
01/08/1999;Tektite;3;T3Q1;34.1;13.1;22.7
01/08/1999;Tektite;3;T3Q2;67;2.1;10.3
01/08/1999;Tektite;3;T3Q3;43.9;9.7;17.9
01/08/1999;Tektite;3;T3Q4;33.5;14.5;15.5
01/08/1999;Tektite;3;T3Q5;44.1;13.8;12.8
01/08/1999;Tektite;3;T3Q6;51;9.7;10.7
01/08/1999;Tektite;3;T3Q7;56.1;20.9;2
01/08/1999;Tektite;3;T3Q8;51.5;8.5;4
01/08/1999;Tektite;3;T3Q9;44.5;21.5;10.5
01/08/1999;Tektite;3;T3Q10;49;27.6;9.9
01/08/2000;Tektite;1;T1Q1;22.1;16.1;36.2
01/08/2000;Tektite;1;T1Q2;10;48.5;30.8
01/08/2000;Tektite;1;T1Q3;15.1;39.7;23
01/08/2000;Tektite;1;T1Q4;12.5;39.5;20.7
01/08/2000;Tektite;1;T1Q5;60.5;11;20.5
01/08/2000;Tektite;1;T1Q6;39.5;15.5;20.1
01/08/2000;Tektite;1;T1Q7;53.5;13;12
01/08/2000;Tektite;1;T1Q8;44.7;12.1;23.2
01/08/2000;Tektite;1;T1Q9;47.2;7;14.5
01/08/2000;Tektite;1;T1Q10;42;23.5;22.6
01/08/2000;Tektite;2;T2Q1;27;23.5;17
01/08/2000;Tektite;2;T2Q2;22.7;22.7;9.1
01/08/2000;Tektite;2;T2Q3;22;34;13.5
01/08/2000;Tektite;2;T2Q4;38;8.5;32
01/08/2000;Tektite;2;T2Q5;72.5;7.5;3
01/08/2000;Tektite;2;T2Q6;47.5;15;6.6
01/08/2000;Tektite;2;T2Q7;57.5;7.5;7.7
01/08/2000;Tektite;2;T2Q8;49;10.5;8.5
01/08/2000;Tektite;2;T2Q9;64;6;12.2
01/08/2000;Tektite;2;T2Q10;51;20.1;6.5
01/08/2000;Tektite;3;T3Q1;29;31;11.4
01/08/2000;Tektite;3;T3Q2;77.5;7.5;4.5
01/08/2000;Tektite;3;T3Q3;56.3;9.6;12.1
01/08/2000;Tektite;3;T3Q4;37;18.5;5
01/08/2000;Tektite;3;T3Q5;47.5;15.6;11.2
01/08/2000;Tektite;3;T3Q6;48.5;17.5;2
01/08/2000;Tektite;3;T3Q7;59;17.5;1
01/08/2000;Tektite;3;T3Q8;49;12.5;2.5
01/08/2000;Tektite;3;T3Q9;52;28;10.1
01/08/2000;Tektite;3;T3Q10;38.6;21.8;7.6
01/08/2001;Tektite;1;T1Q1;36.1;9.8;29.4
01/08/2001;Tektite;1;T1Q2;14.4;35.1;24.2
01/08/2001;Tektite;1;T1Q3;17.9;24.1;14.9
01/08/2001;Tektite;1;T1Q4;22;18.3;21.5
01/08/2001;Tektite;1;T1Q5;47.8;21.2;8.1
01/08/2001;Tektite;1;T1Q6;38.4;12.6;10.6
01/08/2001;Tektite;1;T1Q7;52.5;15;10.5
01/08/2001;Tektite;1;T1Q8;41.8;19.1;8.2
01/08/2001;Tektite;1;T1Q9;50.8;7.8;16.6
01/08/2001;Tektite;1;T1Q10;39.4;14.6;12.6
01/08/2001;Tektite;2;T2Q1;24.2;11.9;19.1
01/08/2001;Tektite;2;T2Q2;28.6;11.1;18.1
01/08/2001;Tektite;2;T2Q3;28.4;12.2;34.5
01/08/2001;Tektite;2;T2Q4;35.2;6.5;31.2
01/08/2001;Tektite;2;T2Q5;74.1;3;6.6
01/08/2001;Tektite;2;T2Q6;56.9;4.6;8.6
01/08/2001;Tektite;2;T2Q7;50.8;0;10.2
01/08/2001;Tektite;2;T2Q8;48.7;2.5;10.7
01/08/2001;Tektite;2;T2Q9;55.3;3.5;16.6
01/08/2001;Tektite;2;T2Q10;64.5;6.6;11.7
01/08/2001;Tektite;3;T3Q1;22.7;12.4;19.1
01/08/2001;Tektite;3;T3Q2;70.3;8.1;2
01/08/2001;Tektite;3;T3Q3;57.8;5.5;12.6
01/08/2001;Tektite;3;T3Q4;34.7;7.8;21.8
01/08/2001;Tektite;3;T3Q5;42.3;5.6;33.7
01/08/2001;Tektite;3;T3Q6;47.5;10.1;14.1
01/08/2001;Tektite;3;T3Q7;59;8;8.5
01/08/2001;Tektite;3;T3Q8;41.7;4.7;7.3
01/08/2001;Tektite;3;T3Q9;61.6;5.1;13.2
01/08/2001;Tektite;3;T3Q10;48.1;9.5;4.8
01/08/2002;Tektite;1;T1Q1;38.7;22.5;31.4
01/08/2002;Tektite;1;T1Q2;22.7;48;23.2
01/08/2002;Tektite;1;T1Q3;24.5;41.8;18.4
01/08/2002;Tektite;1;T1Q4;23;36.7;37.2
01/08/2002;Tektite;1;T1Q5;63;10.9;32.1
01/08/2002;Tektite;1;T1Q6;56;12.4;13.9
01/08/2002;Tektite;1;T1Q7;62.8;14.1;15.7
01/08/2002;Tektite;1;T1Q8;62.4;13.5;14.6
01/08/2002;Tektite;1;T1Q9;53.8;12.8;14.9
01/08/2002;Tektite;1;T1Q10;46.4;21.4;12.5
01/08/2002;Tektite;2;T2Q1;26.5;20.9;34.7
01/08/2002;Tektite;2;T2Q2;26.9;16.1;34.7
01/08/2002;Tektite;2;T2Q3;34.9;12.2;31.2
01/08/2002;Tektite;2;T2Q4;33.3;19.5;36.9
01/08/2002;Tektite;2;T2Q5;76.3;3.6;7.2
01/08/2002;Tektite;2;T2Q6;74.6;2;9.2
01/08/2002;Tektite;2;T2Q7;59.7;3.6;5.1
01/08/2002;Tektite;2;T2Q8;54.7;10.5;10
01/08/2002;Tektite;2;T2Q9;54;7.6;16.7
01/08/2002;Tektite;2;T2Q10;56.2;13.4;12.9
01/08/2002;Tektite;3;T3Q1;40.5;10.4;29.7
01/08/2002;Tektite;3;T3Q2;74.6;5.8;14.3
01/08/2002;Tektite;3;T3Q3;62.1;8.6;12.6
01/08/2002;Tektite;3;T3Q4;32.7;8.7;19.4
01/08/2002;Tektite;3;T3Q5;48.2;14.4;16.4
01/08/2002;Tektite;3;T3Q6;50;13.5;10.4
01/08/2002;Tektite;3;T3Q7;45.4;23;5.1
01/08/2002;Tektite;3;T3Q8;43.4;6.6;3.6
01/08/2002;Tektite;3;T3Q9;65.6;18;11.9
01/08/2002;Tektite;3;T3Q10;50;11.9;11.3
01/08/2003;Tektite;1;T1Q1;38.9;8.6;33.5
01/08/2003;Tektite;1;T1Q2;21.4;20.4;41.3
01/08/2003;Tektite;1;T1Q3;27.1;26.1;20.1
01/08/2003;Tektite;1;T1Q4;27.6;20.4;34.2
01/08/2003;Tektite;1;T1Q5;53.8;6.6;24.4
01/08/2003;Tektite;1;T1Q6;43.4;10.1;22.2
01/08/2003;Tektite;1;T1Q7;61.5;7.2;10.3
01/08/2003;Tektite;1;T1Q8;55.1;7.6;24.7
01/08/2003;Tektite;1;T1Q9;49.2;6.2;16.4
01/08/2003;Tektite;1;T1Q10;29.8;10.1;14.1
01/08/2003;Tektite;2;T2Q1;17.7;6.6;19.2
01/08/2003;Tektite;2;T2Q2;17.2;10.1;15.7
01/08/2003;Tektite;2;T2Q3;29.1;8.2;36.2
01/08/2003;Tektite;2;T2Q4;48.7;15.6;18.1
01/08/2003;Tektite;2;T2Q5;67.5;3.6;4.1
01/08/2003;Tektite;2;T2Q6;64.4;5.2;10.3
01/08/2003;Tektite;2;T2Q7;66.7;3.1;8.9
01/08/2003;Tektite;2;T2Q8;61.6;5.1;12.6
01/08/2003;Tektite;2;T2Q9;52.5;5.6;13.1
01/08/2003;Tektite;2;T2Q10;53;9.6;15.7
01/08/2003;Tektite;3;T3Q1;36.9;12.8;18.5
01/08/2003;Tektite;3;T3Q2;66.2;8.2;8.2
01/08/2003;Tektite;3;T3Q3;56.9;6.1;8.6
01/08/2003;Tektite;3;T3Q4;42.6;10.2;10.2
01/08/2003;Tektite;3;T3Q5;47.2;7.7;14.4
01/08/2003;Tektite;3;T3Q6;56.3;6;6
01/08/2003;Tektite;3;T3Q7;63.5;7.6;7.6
01/08/2003;Tektite;3;T3Q8;47.7;5.1;2.6
01/08/2003;Tektite;3;T3Q9;53;10.3;12.3
01/08/2003;Tektite;3;T3Q10;56;10.9;9.3
01/08/2004;Tektite;1;T1Q1;38.6;26.5;12.7
01/08/2004;Tektite;1;T1Q2;25.6;30.4;11.9
01/08/2004;Tektite;1;T1Q3;21.9;19.5;3.6
01/08/2004;Tektite;1;T1Q4;20.9;24.8;15.7
01/08/2004;Tektite;1;T1Q5;42.3;11.4;9.1
01/08/2004;Tektite;1;T1Q6;42.3;22.6;30.4
01/08/2004;Tektite;1;T1Q7;42.4;9.7;7.9
01/08/2004;Tektite;1;T1Q8;45.5;7.3;11.5
01/08/2004;Tektite;1;T1Q9;52.4;7.2;8.4
01/08/2004;Tektite;1;T1Q10;50.3;8.8;6.3
01/08/2004;Tektite;2;T2Q1;8.5;20.1;7.3
01/08/2004;Tektite;2;T2Q2;19.6;50;15.2
01/08/2004;Tektite;2;T2Q3;19.5;7.7;18.9
01/08/2004;Tektite;2;T2Q4;24.1;7.8;18.7
01/08/2004;Tektite;2;T2Q5;41.1;8;22.1
01/08/2004;Tektite;2;T2Q6;75.6;5.4;4.2
01/08/2004;Tektite;2;T2Q7;46.8;7;8.2
01/08/2004;Tektite;2;T2Q8;48.6;4;6.4
01/08/2004;Tektite;2;T2Q9;51.5;10.1;7.7
01/08/2004;Tektite;2;T2Q10;53.6;6;8.9
01/08/2004;Tektite;3;T3Q1;33.1;11.7;17.8
01/08/2004;Tektite;3;T3Q2;58.3;6.7;7.4
01/08/2004;Tektite;3;T3Q3;36.8;17.5;4.7
01/08/2004;Tektite;3;T3Q4;25.9;28.2;6.3
01/08/2004;Tektite;3;T3Q5;47.9;12.6;10.2
01/08/2004;Tektite;3;T3Q6;51.9;6.2;8.6
01/08/2004;Tektite;3;T3Q7;64.9;2.6;2.1
01/08/2004;Tektite;3;T3Q8;42;14.4;2.8
01/08/2004;Tektite;3;T3Q9;48.2;11.5;5.8
01/08/2004;Tektite;3;T3Q10;42.6;7.4;7.4
01/08/2005;Tektite;1;T1Q1;38.7;24.9;28.9
01/08/2005;Tektite;1;T1Q2;23.7;16.6;40.8
01/08/2005;Tektite;1;T1Q3;33.3;21.8;31.6
01/08/2005;Tektite;1;T1Q4;21.9;23.7;37.3
01/08/2005;Tektite;1;T1Q5;53.3;13.6;32.5
01/08/2005;Tektite;1;T1Q6;32.6;31.1;30.3
01/08/2005;Tektite;1;T1Q7;50;10.1;32.7
01/08/2005;Tektite;1;T1Q8;39.5;19.8;33.1
01/08/2005;Tektite;1;T1Q9;49.1;16;25.1
01/08/2005;Tektite;1;T1Q10;34.3;18.3;43.4
01/08/2005;Tektite;2;T2Q1;3.6;43.2;24.3
01/08/2005;Tektite;2;T2Q2;19.8;21.5;58.2
01/08/2005;Tektite;2;T2Q3;25;38.6;27.2
01/08/2005;Tektite;2;T2Q4;38.8;22.4;35.3
01/08/2005;Tektite;2;T2Q5;64.1;5.4;30.5
01/08/2005;Tektite;2;T2Q6;55.3;3.5;41.2
01/08/2005;Tektite;2;T2Q7;54.7;6.5;38.8
01/08/2005;Tektite;2;T2Q8;56.3;10.9;32.8
01/08/2005;Tektite;2;T2Q9;53.8;14;32.2
01/08/2005;Tektite;2;T2Q10;63.7;24.6;9.4
01/08/2005;Tektite;3;T3Q1;32.2;12;55.7
01/08/2005;Tektite;3;T3Q2;57.6;9.6;32.8
01/08/2005;Tektite;3;T3Q3;46;16.5;37.5
01/08/2005;Tektite;3;T3Q4;31.6;24.8;30.8
01/08/2005;Tektite;3;T3Q5;48.2;28.8;20
01/08/2005;Tektite;3;T3Q6;41.9;19.8;37.2
01/08/2005;Tektite;3;T3Q7;57.3;23.6;19.1
01/08/2005;Tektite;3;T3Q8;42.6;19.9;35.5
01/08/2005;Tektite;3;T3Q9;46.3;18.3;32
01/08/2005;Tektite;3;T3Q10;43.9;11.6;31.8
01/08/2006;Tektite;1;T1Q1;22.4;49.5;25.5
01/08/2006;Tektite;1;T1Q2;10.4;52.5;32.8
01/08/2006;Tektite;1;T1Q3;29.1;41.3;28.6
01/08/2006;Tektite;1;T1Q4;16.2;66.2;16.2
01/08/2006;Tektite;1;T1Q5;38.4;36.8;19.5
01/08/2006;Tektite;1;T1Q6;22.6;26.2;48.8
01/08/2006;Tektite;1;T1Q7;24;30.2;43.2
01/08/2006;Tektite;1;T1Q8;27.6;39.8;31.1
01/08/2006;Tektite;1;T1Q9;33.3;42.4;18.7
01/08/2006;Tektite;1;T1Q10;48.4;27.5;23.6
01/08/2006;Tektite;2;T2Q1;25.5;53.2;20.7
01/08/2006;Tektite;2;T2Q2;29.5;39.8;30.7
01/08/2006;Tektite;2;T2Q3;22.3;37.8;37.3
01/08/2006;Tektite;2;T2Q4;28.1;36.7;33.2
01/08/2006;Tektite;2;T2Q5;57.4;27.4;15.2
01/08/2006;Tektite;2;T2Q6;49;20.7;30.3
01/08/2006;Tektite;2;T2Q7;56.3;21.4;22.4
01/08/2006;Tektite;2;T2Q8;33;27.7;39.3
01/08/2006;Tektite;2;T2Q9;22.2;38.4;39.4
01/08/2006;Tektite;2;T2Q10;43.8;30.7;25.5
01/08/2006;Tektite;3;T3Q1;15.4;32.8;51.8
01/08/2006;Tektite;3;T3Q2;37.2;21.3;41.5
01/08/2006;Tektite;3;T3Q3;55.6;24;20.4
01/08/2006;Tektite;3;T3Q4;42;39.7;16.1
01/08/2006;Tektite;3;T3Q5;35.9;37.5;23.4
01/08/2006;Tektite;3;T3Q6;43;24.4;32.6
01/08/2006;Tektite;3;T3Q7;48.9;34.2;16.8
01/08/2006;Tektite;3;T3Q8;51;43.2;5.8
01/08/2006;Tektite;3;T3Q9;28.9;41.6;26.3
01/08/2006;Tektite;3;T3Q10;39.3;39.3;21.5
01/08/2007;Tektite;1;T1Q1;13.8;24.5;59.7
01/08/2007;Tektite;1;T1Q2;14.9;25.1;45.1
01/08/2007;Tektite;1;T1Q3;19.3;37.4;39.6
01/08/2007;Tektite;1;T1Q4;9.8;43.8;46.4
01/08/2007;Tektite;1;T1Q5;26.6;30.3;40.4
01/08/2007;Tektite;1;T1Q6;17.8;23;57.1
01/08/2007;Tektite;1;T1Q7;13;35.2;48.2
01/08/2007;Tektite;1;T1Q8;10.8;35.4;46.7
01/08/2007;Tektite;1;T1Q9;36.2;21.6;37.8
01/08/2007;Tektite;1;T1Q10;14.7;58.7;19
01/08/2007;Tektite;2;T2Q1;20;48.1;31.9
01/08/2007;Tektite;2;T2Q2;12.2;59.9;24.4
01/08/2007;Tektite;2;T2Q3;10.4;43.2;42.7
01/08/2007;Tektite;2;T2Q4;33.7;37.5;25
01/08/2007;Tektite;2;T2Q5;33.3;32.8;28.6
01/08/2007;Tektite;2;T2Q6;34.8;29.3;34.2
01/08/2007;Tektite;2;T2Q7;26.3;37.6;33
01/08/2007;Tektite;2;T2Q8;19.5;44.3;30.3
01/08/2007;Tektite;2;T2Q9;22.7;48;28.8
01/08/2007;Tektite;2;T2Q10;41;23.5;32.2
01/08/2007;Tektite;3;T3Q1;24.5;34;46.3
01/08/2007;Tektite;3;T3Q2;23.3;22.8;53.4
01/08/2007;Tektite;3;T3Q3;33.9;22.2;42.3
01/08/2007;Tektite;3;T3Q4;29.5;33.5;36.4
01/08/2007;Tektite;3;T3Q5;36.1;24.7;35.6
01/08/2007;Tektite;3;T3Q6;20.8;37.5;40.6
01/08/2007;Tektite;3;T3Q7;46.4;26.6;23.4
01/08/2007;Tektite;3;T3Q8;32.1;38.7;28.6
01/08/2007;Tektite;3;T3Q9;24.5;38.5;32.8
01/08/2007;Tektite;3;T3Q10;27.5;39.2;30.7
01/08/2008;Tektite;1;T1Q1;21.9;21.9;55.7
01/08/2008;Tektite;1;T1Q2;22.6;15.8;56.5
01/08/2008;Tektite;1;T1Q3;22.1;20.9;50.6
01/08/2008;Tektite;1;T1Q4;18.5;21.9;56.7
01/08/2008;Tektite;1;T1Q5;45.6;10.6;43.9
01/08/2008;Tektite;1;T1Q6;25;12.5;52.3
01/08/2008;Tektite;1;T1Q7;16.9;6.8;71.8
01/08/2008;Tektite;1;T1Q8;15.8;28.4;53
01/08/2008;Tektite;1;T1Q9;42.4;18;31.4
01/08/2008;Tektite;1;T1Q10;33.3;18.4;39.7
01/08/2008;Tektite;2;T2Q1;29.2;9.2;59
01/08/2008;Tektite;2;T2Q2;20.8;21.4;56.5
01/08/2008;Tektite;2;T2Q3;15.5;10.3;62.6
01/08/2008;Tektite;2;T2Q4;40.6;8.3;48.3
01/08/2008;Tektite;2;T2Q5;57.3;5.1;37.6
01/08/2008;Tektite;2;T2Q6;45.7;9.2;45.1
01/08/2008;Tektite;2;T2Q7;51.4;8.3;40.3
01/08/2008;Tektite;2;T2Q8;34.3;15.4;50.3
01/08/2008;Tektite;2;T2Q9;30.8;17.4;51.7
01/08/2008;Tektite;2;T2Q10;46.8;9.8;43.4
01/08/2008;Tektite;3;T3Q1;17.3;6.1;74.3
01/08/2008;Tektite;3;T3Q2;33.5;3.4;63.1
01/08/2008;Tektite;3;T3Q3;51.4;4.6;41
01/08/2008;Tektite;3;T3Q4;39.5;19.2;37.9
01/08/2008;Tektite;3;T3Q5;42;4;54
01/08/2008;Tektite;3;T3Q6;31;8.6;60.3
01/08/2008;Tektite;3;T3Q7;67.8;8.6;23.6
01/08/2008;Tektite;3;T3Q8;51.1;6.9;42
01/08/2008;Tektite;3;T3Q9;35;18;45.4
01/08/2008;Tektite;3;T3Q10;41.8;7.9;48
01/08/2009;Tektite;1;T1Q1;26.4;20.8;50.3
01/08/2009;Tektite;1;T1Q2;14.3;8.2;67.9
01/08/2009;Tektite;1;T1Q3;22.7;18;39.2
01/08/2009;Tektite;1;T1Q4;10.7;26.4;61.4
01/08/2009;Tektite;1;T1Q5;39.9;21.2;35.9
01/08/2009;Tektite;1;T1Q6;24.2;22.7;46.5
01/08/2009;Tektite;1;T1Q7;13.1;25.8;60.1
01/08/2009;Tektite;1;T1Q8;9.2;21;62.1
01/08/2009;Tektite;1;T1Q9;41.3;13.8;29.1
01/08/2009;Tektite;1;T1Q10;19.1;11.6;46.7
01/08/2009;Tektite;2;T2Q1;21.1;19.6;54.3
01/08/2009;Tektite;2;T2Q2;25.8;25.3;40.4
01/08/2009;Tektite;2;T2Q3;20;23.1;56.4
01/08/2009;Tektite;2;T2Q4;28.5;19;48.5
01/08/2009;Tektite;2;T2Q5;35.9;12.8;45.6
01/08/2009;Tektite;2;T2Q6;49.5;9.1;40.4
01/08/2009;Tektite;2;T2Q7;45.4;12.9;39.7
01/08/2009;Tektite;2;T2Q8;28.3;25.8;43.9
01/08/2009;Tektite;2;T2Q9;23.4;28.4;48.2
01/08/2009;Tektite;2;T2Q10;48.2;13.2;37.1
01/08/2009;Tektite;3;T3Q1;24;7.1;63.8
01/08/2009;Tektite;3;T3Q2;30.6;9.7;57.7
01/08/2009;Tektite;3;T3Q3;49.7;9.5;34.7
01/08/2009;Tektite;3;T3Q4;43.7;15.6;37.2
01/08/2009;Tektite;3;T3Q5;42.3;16.8;37.8
01/08/2009;Tektite;3;T3Q6;22.1;19.6;54.3
01/08/2009;Tektite;3;T3Q7;46.7;25.4;23.9
01/08/2009;Tektite;3;T3Q8;30.8;16.7;29.8
01/08/2009;Tektite;3;T3Q9;37.1;33;26.9
01/08/2009;Tektite;3;T3Q10;48;15.7;35.9
01/08/2010;Tektite;1;T1Q1;28.4;27.4;31.1
01/08/2010;Tektite;1;T1Q2;10.9;21.2;26.1
01/08/2010;Tektite;1;T1Q3;27.1;23.4;19.3
01/08/2010;Tektite;1;T1Q4;15.6;36.7;39.2
01/08/2010;Tektite;1;T1Q5;23.2;49.5;21.6
01/08/2010;Tektite;1;T1Q6;26.8;41.6;18.4
01/08/2010;Tektite;1;T1Q7;31.7;38.1;2.1
01/08/2010;Tektite;1;T1Q8;11.1;45;38.1
01/08/2010;Tektite;1;T1Q9;23.2;41.8;17
01/08/2010;Tektite;1;T1Q10;27;21.4;27
01/08/2010;Tektite;2;T2Q1;16.5;21.6;38.1
01/08/2010;Tektite;2;T2Q2;24;30.2;29.2
01/08/2010;Tektite;2;T2Q3;18.8;49.2;17.3
01/08/2010;Tektite;2;T2Q4;28.6;45.4;23.2
01/08/2010;Tektite;2;T2Q5;45.1;22.6;30.8
01/08/2010;Tektite;2;T2Q6;34.4;22.6;39.8
01/08/2010;Tektite;2;T2Q7;46.9;13.4;39.7
01/08/2010;Tektite;2;T2Q8;24.5;26;45.4
01/08/2010;Tektite;2;T2Q9;20.9;7;71.1
01/08/2010;Tektite;2;T2Q10;31.8;14.6;52.6
01/08/2010;Tektite;3;T3Q1;18.3;18.8;55
01/08/2010;Tektite;3;T3Q2;34;13.1;49.7
01/08/2010;Tektite;3;T3Q3;41.2;16;42.3
01/08/2010;Tektite;3;T3Q4;33.7;16.3;40.8
01/08/2010;Tektite;3;T3Q5;37.8;15.8;40.3
01/08/2010;Tektite;3;T3Q6;34.2;26.2;36.9
01/08/2010;Tektite;3;T3Q7;37.6;19.3;43.1
01/08/2010;Tektite;3;T3Q8;28.4;23.2;20.5
01/08/2010;Tektite;3;T3Q9;26.5;9.5;58.7
01/08/2010;Tektite;3;T3Q10;32.8;27.5;32.3
01/08/2011;Tektite;1;T1Q1;19.7;32.3;43.4
01/08/2011;Tektite;1;T1Q2;19.7;28.8;45.5
01/08/2011;Tektite;1;T1Q3;25.6;29.1;41.2
01/08/2011;Tektite;1;T1Q4;17.1;29.1;50.8
01/08/2011;Tektite;1;T1Q5;27.4;32;39.1
01/08/2011;Tektite;1;T1Q6;17;25;53.5
01/08/2011;Tektite;1;T1Q7;20.2;26.8;53
01/08/2011;Tektite;1;T1Q8;12;36.5;51.5
01/08/2011;Tektite;1;T1Q9;27.6;25.6;40.7
01/08/2011;Tektite;1;T1Q10;18.1;32.7;44.7
01/08/2011;Tektite;2;T2Q1;19.5;21;55
01/08/2011;Tektite;2;T2Q2;24.6;23.6;43.2
01/08/2011;Tektite;2;T2Q3;14.1;22.6;57.8
01/08/2011;Tektite;2;T2Q4;25.1;30.2;44.2
01/08/2011;Tektite;2;T2Q5;40.9;24.2;33.8
01/08/2011;Tektite;2;T2Q6;44.5;21;33
01/08/2011;Tektite;2;T2Q7;45;16.5;38.5
01/08/2011;Tektite;2;T2Q8;23.5;30;46
01/08/2011;Tektite;2;T2Q9;26;22;51.5
01/08/2011;Tektite;2;T2Q10;47.7;16.9;30.3
01/08/2011;Tektite;3;T3Q1;18.1;36.2;41.2
01/08/2011;Tektite;3;T3Q2;32;29.5;38
01/08/2011;Tektite;3;T3Q3;38.4;30.8;23.7
01/08/2011;Tektite;3;T3Q4;19.5;45.6;33.8
01/08/2011;Tektite;3;T3Q5;43.4;27.3;27.8
01/08/2011;Tektite;3;T3Q6;32.2;31.2;35.2
01/08/2011;Tektite;3;T3Q7;50.8;16.8;32.5
01/08/2011;Tektite;3;T3Q8;36.5;34.5;25.5
01/08/2011;Tektite;3;T3Q9;28.6;30.2;39.2
01/08/2011;Tektite;3;T3Q10;41.6;20.8;34
01/08/2012;Tektite;1;T1Q1;25.3;34.8;32.8
01/08/2012;Tektite;1;T1Q2;21.6;27.6;42.7
01/08/2012;Tektite;1;T1Q3;27.1;34.7;23.1
01/08/2012;Tektite;1;T1Q4;9.5;32.2;54.8
01/08/2012;Tektite;1;T1Q5;34.5;38;24.5
01/08/2012;Tektite;1;T1Q6;20.5;26;49
01/08/2012;Tektite;1;T1Q7;21.2;31.8;46
01/08/2012;Tektite;1;T1Q8;17.1;37.2;43.2
01/08/2012;Tektite;1;T1Q9;38.1;31;21.8
01/08/2012;Tektite;1;T1Q10;26.6;42.7;27.1
01/08/2012;Tektite;2;T2Q1;28.6;19.6;49.2
01/08/2012;Tektite;2;T2Q2;31;38;18.5
01/08/2012;Tektite;2;T2Q3;14.6;48.2;32.7
01/08/2012;Tektite;2;T2Q4;37.2;44.2;17.1
01/08/2012;Tektite;2;T2Q5;52;30.5;13
01/08/2012;Tektite;2;T2Q6;53.5;26;11.5
01/08/2012;Tektite;2;T2Q7;49;34.3;15.2
01/08/2012;Tektite;2;T2Q8;33.5;38;18
01/08/2012;Tektite;2;T2Q9;28.6;39.7;30.7
01/08/2012;Tektite;2;T2Q10;48.2;36.5;10.2
01/08/2012;Tektite;3;T3Q1;26.8;41.4;28.8
01/08/2012;Tektite;3;T3Q2;34.8;35.9;26.3
01/08/2012;Tektite;3;T3Q3;48.2;29.6;17.1
01/08/2012;Tektite;3;T3Q4;36.7;34.7;25.6
01/08/2012;Tektite;3;T3Q5;46.5;46.5;4.5
01/08/2012;Tektite;3;T3Q6;33.2;45.7;15.6
01/08/2012;Tektite;3;T3Q7;46;36.9;13.1
01/08/2012;Tektite;3;T3Q8;39.6;25.4;15.7
01/08/2012;Tektite;3;T3Q9;36.5;53.5;8.5
01/08/2012;Tektite;3;T3Q10;47.5;33.5;15
01/08/2013;Tektite;1;T1Q1;25;20.5;48
01/08/2013;Tektite;1;T1Q2;19;17.5;56
01/08/2013;Tektite;1;T1Q3;24.5;24;40.5
01/08/2013;Tektite;1;T1Q4;15.5;42;34.5
01/08/2013;Tektite;1;T1Q5;29.1;30.6;36.7
01/08/2013;Tektite;1;T1Q6;22.1;25.6;36.7
01/08/2013;Tektite;1;T1Q7;21;15.5;57.5
01/08/2013;Tektite;1;T1Q8;16.1;33.7;49.2
01/08/2013;Tektite;1;T1Q9;31;22.3;38.6
01/08/2013;Tektite;1;T1Q10;29.4;31.5;37.1
01/08/2013;Tektite;2;T2Q1;29.3;31.8;34.8
01/08/2013;Tektite;2;T2Q2;18;28.9;46.4
01/08/2013;Tektite;2;T2Q3;9;31.2;59.3
01/08/2013;Tektite;2;T2Q4;25.9;37.6;32.8
01/08/2013;Tektite;2;T2Q5;43.7;24.9;26.9
01/08/2013;Tektite;2;T2Q6;50.5;22.5;26.5
01/08/2013;Tektite;2;T2Q7;39.8;24.5;35.2
01/08/2013;Tektite;2;T2Q8;24.1;30.8;42.1
01/08/2013;Tektite;2;T2Q9;25.5;32.1;41.3
01/08/2013;Tektite;2;T2Q10;34.7;34.7;26.5
01/08/2013;Tektite;3;T3Q1;24.6;32.7;39.2
01/08/2013;Tektite;3;T3Q2;28.4;34.7;35.8
01/08/2013;Tektite;3;T3Q3;25.9;43;31.1
01/08/2013;Tektite;3;T3Q4;27.3;39.4;32.3
01/08/2013;Tektite;3;T3Q5;48.7;22.1;29.2
01/08/2013;Tektite;3;T3Q6;31.3;44.6;23.1
01/08/2013;Tektite;3;T3Q7;37.2;23.6;37.2
01/08/2013;Tektite;3;T3Q8;36;28.6;24.3
01/08/2013;Tektite;3;T3Q9;20.8;40.1;36
01/08/2013;Tektite;3;T3Q10;35.8;26.9;34.2
01/08/2014;Tektite;1;T1Q1;21.5;38;27.5
01/08/2014;Tektite;1;T1Q2;24.1;30.2;21.6
01/08/2014;Tektite;1;T1Q3;19;42.5;16.5
01/08/2014;Tektite;1;T1Q4;19.7;37.4;18.7
01/08/2014;Tektite;1;T1Q5;20;35;29
01/08/2014;Tektite;1;T1Q6;19;37.5;30.5
01/08/2014;Tektite;1;T1Q7;28.6;37.7;28.6
01/08/2014;Tektite;1;T1Q8;17;34.5;34
01/08/2014;Tektite;1;T1Q9;37.5;20;33.5
01/08/2014;Tektite;1;T1Q10;25;43;22.5
01/08/2014;Tektite;2;T2Q1;21.5;32;39
01/08/2014;Tektite;2;T2Q2;23;35.5;26.5
01/08/2014;Tektite;2;T2Q3;12.6;41.9;40.9
01/08/2014;Tektite;2;T2Q4;19.2;37.4;35.4
01/08/2014;Tektite;2;T2Q5;42.5;30;23.5
01/08/2014;Tektite;2;T2Q6;47;24.7;23.7
01/08/2014;Tektite;2;T2Q7;34.2;31.2;33.2
01/08/2014;Tektite;2;T2Q8;22.3;34;39.1
01/08/2014;Tektite;2;T2Q9;21.2;31.8;41.4
01/08/2014;Tektite;2;T2Q10;28.1;25;41.3
01/08/2014;Tektite;3;T3Q1;28;25;41.5
01/08/2014;Tektite;3;T3Q2;28.1;25.1;43.7
01/08/2014;Tektite;3;T3Q3;29.8;33.8;33.3
01/08/2014;Tektite;3;T3Q4;28.8;33.8;34.3
01/08/2014;Tektite;3;T3Q5;46.5;28.3;22.7
01/08/2014;Tektite;3;T3Q6;34.1;26.8;29.3
01/08/2014;Tektite;3;T3Q7;40;30;26.5
01/08/2014;Tektite;3;T3Q8;33.7;21.1;27.6
01/08/2014;Tektite;3;T3Q9;23.2;37.9;35.9
01/08/2014;Tektite;3;T3Q10;33;23.6;37.7
01/08/2015;Tektite;1;T1Q1;23.5;31;41
01/08/2015;Tektite;1;T1Q2;18;41.5;34.5
01/08/2015;Tektite;1;T1Q3;19.5;38;22
01/08/2015;Tektite;1;T1Q4;16.5;45;33.5
01/08/2015;Tektite;1;T1Q5;30;30.5;32
01/08/2015;Tektite;1;T1Q6;18;40.5;23.5
01/08/2015;Tektite;1;T1Q7;18.1;37.2;37.2
01/08/2015;Tektite;1;T1Q8;16;51;29
01/08/2015;Tektite;1;T1Q9;33;39.5;15
01/08/2015;Tektite;1;T1Q10;27.5;42;22
01/08/2015;Tektite;2;T2Q1;25.5;39;26
01/08/2015;Tektite;2;T2Q2;20;53.5;21.5
01/08/2015;Tektite;2;T2Q3;16;51.5;25.5
01/08/2015;Tektite;2;T2Q4;30;45;17
01/08/2015;Tektite;2;T2Q5;41.2;28.6;17.1
01/08/2015;Tektite;2;T2Q6;50.5;32;15
01/08/2015;Tektite;2;T2Q7;40;36.5;23
01/08/2015;Tektite;2;T2Q8;24.5;45;29
01/08/2015;Tektite;2;T2Q9;22;63.5;11
01/08/2015;Tektite;2;T2Q10;30.7;51.3;10.6
01/08/2015;Tektite;3;T3Q1;25;46;23.5
01/08/2015;Tektite;3;T3Q2;31;41.5;17.5
01/08/2015;Tektite;3;T3Q3;35.5;41;20.5
01/08/2015;Tektite;3;T3Q4;30;37.5;28
01/08/2015;Tektite;3;T3Q5;40;38;19.5
01/08/2015;Tektite;3;T3Q6;39;46.5;10.5
01/08/2015;Tektite;3;T3Q7;40;49.5;8.5
01/08/2015;Tektite;3;T3Q8;29;44.5;12
01/08/2015;Tektite;3;T3Q9;27.6;57.3;13.1
01/08/2015;Tektite;3;T3Q10;33.7;44.9;15.8
01/08/2016;Tektite;1;T1Q1;23;15.5;55.6
01/08/2016;Tektite;1;T1Q2;25.9;9;56.1
01/08/2016;Tektite;1;T1Q3;30.7;17.7;38.5
01/08/2016;Tektite;1;T1Q4;12.1;8.9;66.3
01/08/2016;Tektite;1;T1Q5;22.9;8.3;62.5
01/08/2016;Tektite;1;T1Q6;22.5;3.7;59.7
01/08/2016;Tektite;1;T1Q7;29.7;7.7;55.9
01/08/2016;Tektite;1;T1Q8;15.7;8.4;73.3
01/08/2016;Tektite;1;T1Q9;28.2;12.8;48.9
01/08/2016;Tektite;1;T1Q10;22.3;9.6;56.9
01/08/2016;Tektite;2;T2Q1;27.3;5.2;57.7
01/08/2016;Tektite;2;T2Q2;16.7;3.1;71.4
01/08/2016;Tektite;2;T2Q3;15.9;2.1;79.4
01/08/2016;Tektite;2;T2Q4;25.4;0;70.5
01/08/2016;Tektite;2;T2Q5;47.5;4.4;44.2
01/08/2016;Tektite;2;T2Q6;41.3;5.8;50.8
01/08/2016;Tektite;2;T2Q7;35.1;6.5;57.8
01/08/2016;Tektite;2;T2Q8;25;8.3;65.1
01/08/2016;Tektite;2;T2Q9;20.9;3.7;72.3
01/08/2016;Tektite;2;T2Q10;33.9;4.8;58.1
01/08/2016;Tektite;3;T3Q1;23.4;5.3;62.2
01/08/2016;Tektite;3;T3Q2;34.4;6.3;57.1
01/08/2016;Tektite;3;T3Q3;33.3;2.1;64
01/08/2016;Tektite;3;T3Q4;29.6;5.8;61.9
01/08/2016;Tektite;3;T3Q5;53.2;14.5;32.3
01/08/2016;Tektite;3;T3Q6;36.3;8.4;51.6
01/08/2016;Tektite;3;T3Q7;43.9;18.7;36.9
01/08/2016;Tektite;3;T3Q8;38.9;6.7;39.4
01/08/2016;Tektite;3;T3Q9;31.1;7.8;57.5
01/08/2016;Tektite;3;T3Q10;54.5;4.2;37.6
01/07/2017;Tektite;1;T1Q1;41;57.4;0
01/07/2017;Tektite;1;T1Q2;25.4;44.2;24.4
01/07/2017;Tektite;1;T1Q3;21.5;33.8;25.1
01/07/2017;Tektite;1;T1Q4;16.9;34.4;26.7
01/07/2017;Tektite;1;T1Q5;19.1;44.3;33.5
01/07/2017;Tektite;1;T1Q6;24.5;40.3;20.9
01/07/2017;Tektite;1;T1Q7;30.4;35.1;27.8
01/07/2017;Tektite;1;T1Q8;9.4;54.7;34.4
01/07/2017;Tektite;1;T1Q9;25.4;33.7;28
01/07/2017;Tektite;1;T1Q10;33;33.5;25.5
01/07/2017;Tektite;2;T2Q1;21.2;31.6;39.9
01/07/2017;Tektite;2;T2Q2;26.1;30.3;31.4
01/07/2017;Tektite;2;T2Q3;22.2;35.4;38.1
01/07/2017;Tektite;2;T2Q4;19.7;35.2;25.9
01/07/2017;Tektite;2;T2Q5;43.4;38.8;6.6
01/07/2017;Tektite;2;T2Q6;49.5;37.8;7.7
01/07/2017;Tektite;2;T2Q7;36.5;42.6;19.3
01/07/2017;Tektite;2;T2Q8;35.1;46.6;14.7
01/07/2017;Tektite;2;T2Q9;23.3;45.1;31.1
01/07/2017;Tektite;2;T2Q10;39.4;36.3;16.6
01/07/2017;Tektite;3;T3Q1;26.2;40;20
01/07/2017;Tektite;3;T3Q2;31.1;52;11.7
01/07/2017;Tektite;3;T3Q3;40.1;40.6;13
01/07/2017;Tektite;3;T3Q4;31.1;44.6;19.7
01/07/2017;Tektite;3;T3Q5;43.4;36.2;16.8
01/07/2017;Tektite;3;T3Q6;37.3;47.7;11.4
01/07/2017;Tektite;3;T3Q7;40.1;44.3;11.5
01/07/2017;Tektite;3;T3Q8;45.6;33.2;9.8
01/07/2017;Tektite;3;T3Q9;37.8;42.9;9.7
01/07/2017;Tektite;3;T3Q10;35.8;43.7;16.8
01/11/2017;Tektite;1;T1Q1;22.7;57.1;16.7
01/11/2017;Tektite;1;T1Q2;14;62.5;16
01/11/2017;Tektite;1;T1Q3;23.7;46.5;18.2
01/11/2017;Tektite;1;T1Q4;18.2;58.6;21.7
01/11/2017;Tektite;1;T1Q5;24.5;48.5;23
01/11/2017;Tektite;1;T1Q6;20.5;48.5;22
01/11/2017;Tektite;1;T1Q7;20.5;60.5;14
01/11/2017;Tektite;1;T1Q8;15.2;63.6;18.2
01/11/2017;Tektite;1;T1Q9;28.1;49.7;18.1
01/11/2017;Tektite;1;T1Q10;24.4;51.3;20.7
01/11/2017;Tektite;2;T2Q1;9.1;60.6;23.2
01/11/2017;Tektite;2;T2Q2;21.5;58.5;15.5
01/11/2017;Tektite;2;T2Q3;13.5;63;20
01/11/2017;Tektite;2;T2Q4;18.1;62.8;18.1
01/11/2017;Tektite;2;T2Q5;24.5;45;13
01/11/2017;Tektite;2;T2Q6;46.5;37;2.5
01/11/2017;Tektite;2;T2Q7;45.4;31.6;18.4
01/11/2017;Tektite;2;T2Q8;32;52.8;12.7
01/11/2017;Tektite;2;T2Q9;31.2;52.8;10.6
01/11/2017;Tektite;2;T2Q10;21.8;68.5;9.6
01/11/2017;Tektite;3;T3Q1;50;40.8;8.2
01/11/2017;Tektite;3;T3Q2;25.3;53;13.6
01/11/2017;Tektite;3;T3Q3;26.5;51;15
01/11/2017;Tektite;3;T3Q4;36;48;12
01/11/2017;Tektite;3;T3Q5;23.1;64.8;9.5
01/11/2017;Tektite;3;T3Q6;45;50.5;4.5
01/11/2017;Tektite;3;T3Q7;35.4;48.5;8.6
01/11/2017;Tektite;3;T3Q8;31.5;60.5;6
01/11/2017;Tektite;3;T3Q9;38.9;50;2
01/11/2017;Tektite;3;T3Q10;34.7;52.3;12.1
01/07/2018;Tektite;1;T1Q1;24.2;24.2;47.9
01/07/2018;Tektite;1;T1Q2;22.4;16.8;56.1
01/07/2018;Tektite;1;T1Q3;19.4;23.5;48.5
01/07/2018;Tektite;1;T1Q4;11.5;18.3;62.3
01/07/2018;Tektite;1;T1Q5;19.4;29.1;47.4
01/07/2018;Tektite;1;T1Q6;26.4;28;41.5
01/07/2018;Tektite;1;T1Q7;22.8;16.9;59.3
01/07/2018;Tektite;1;T1Q8;13.8;43.1;42.6
01/07/2018;Tektite;1;T1Q9;35.4;24.6;36.4
01/07/2018;Tektite;1;T1Q10;23.8;29.5;46.1
01/07/2018;Tektite;2;T2Q1;27.3;20.6;49
01/07/2018;Tektite;2;T2Q2;21.6;24.2;50
01/07/2018;Tektite;2;T2Q3;16.8;18.8;63.9
01/07/2018;Tektite;2;T2Q4;17.9;14.4;57.4
01/07/2018;Tektite;2;T2Q5;38.4;16.3;35.8
01/07/2018;Tektite;2;T2Q6;31.8;19.3;40.6
01/07/2018;Tektite;2;T2Q7;30.2;21.9;47.9
01/07/2018;Tektite;2;T2Q8;19.8;33;44.7
01/07/2018;Tektite;2;T2Q9;21;28.7;43.6
01/07/2018;Tektite;2;T2Q10;34.9;25;39.1
01/07/2018;Tektite;3;T3Q1;31.5;25.5;40.8
01/07/2018;Tektite;3;T3Q2;23.6;25.1;48.7
01/07/2018;Tektite;3;T3Q3;30.6;32.6;33.7
01/07/2018;Tektite;3;T3Q4;31.1;26;39.3
01/07/2018;Tektite;3;T3Q5;48.7;30.7;20.1
01/07/2018;Tektite;3;T3Q6;36.6;27.8;34
01/07/2018;Tektite;3;T3Q7;31.1;25.4;41.5
01/07/2018;Tektite;3;T3Q8;32.8;18.7;46.5
01/07/2018;Tektite;3;T3Q9;27.5;29.6;41.8
01/07/2018;Tektite;3;T3Q10;33;17.8;49.2
01/07/2019;Tektite;1;T1Q1;30.8;44.4;18.2
01/07/2019;Tektite;1;T1Q2;22.5;50.5;19
01/07/2019;Tektite;1;T1Q3;23.9;45.2;18.3
01/07/2019;Tektite;1;T1Q4;13.5;63;11.5
01/07/2019;Tektite;1;T1Q5;21;52;17.5
01/07/2019;Tektite;1;T1Q6;25.6;43.7;20.1
01/07/2019;Tektite;1;T1Q7;25;46.5;14.5
01/07/2019;Tektite;1;T1Q8;19;65.5;7.5
01/07/2019;Tektite;1;T1Q9;35;51;9
01/07/2019;Tektite;1;T1Q10;24;58.5;10.5
01/07/2019;Tektite;2;T2Q1;31.5;49.5;15.5
01/07/2019;Tektite;2;T2Q2;27;44;22
01/07/2019;Tektite;2;T2Q3;19.7;55.1;16.2
01/07/2019;Tektite;2;T2Q4;17.5;38;11
01/07/2019;Tektite;2;T2Q5;38;39.5;12.5
01/07/2019;Tektite;2;T2Q6;40.5;34;15
01/07/2019;Tektite;2;T2Q7;37.5;55.5;5.5
01/07/2019;Tektite;2;T2Q8;22;65;10
01/07/2019;Tektite;2;T2Q9;28.5;51.5;18.5
01/07/2019;Tektite;2;T2Q10;34.8;52;8.6
01/07/2019;Tektite;3;T3Q1;28.3;47;18.7
01/07/2019;Tektite;3;T3Q2;26;45;18.5
01/07/2019;Tektite;3;T3Q3;38.9;49.5;10.1
01/07/2019;Tektite;3;T3Q4;30.5;56.5;12
01/07/2019;Tektite;3;T3Q5;48;41.5;9
01/07/2019;Tektite;3;T3Q6;40.5;50;5
01/07/2019;Tektite;3;T3Q7;36.7;59.8;2.5
01/07/2019;Tektite;3;T3Q8;34.7;51.3;10.1
01/07/2019;Tektite;3;T3Q9;33.5;49.5;13
01/07/2019;Tektite;3;T3Q10;53.3;37.2;5
03/08/2020;Tektite;1;T1Q1;28.1;21.4;41.1
03/08/2020;Tektite;1;T1Q2;20.5;37.9;29.2
03/08/2020;Tektite;1;T1Q3;21.3;36;30.5
03/08/2020;Tektite;1;T1Q4;11.6;41.6;32.6
03/08/2020;Tektite;1;T1Q5;11.7;35.1;41.5
03/08/2020;Tektite;1;T1Q6;20.7;32.8;29.3
03/08/2020;Tektite;1;T1Q7;21.6;32;32
03/08/2020;Tektite;1;T1Q8;15.4;53.8;28.2
03/08/2020;Tektite;1;T1Q9;25.9;49.2;21.3
03/08/2020;Tektite;1;T1Q10;28;43.9;21.7
03/08/2020;Tektite;2;T2Q1;24.5;33.2;37.8
03/08/2020;Tektite;2;T2Q2;25.6;35.9;30.3
03/08/2020;Tektite;2;T2Q3;24.5;29.1;41.3
03/08/2020;Tektite;2;T2Q4;19.3;36.5;28.4
03/08/2020;Tektite;2;T2Q5;38.1;23.9;20.3
03/08/2020;Tektite;2;T2Q6;26.4;33.7;31.6
03/08/2020;Tektite;2;T2Q7;33;46.2;17.3
03/08/2020;Tektite;2;T2Q8;25;51;16.1
03/08/2020;Tektite;2;T2Q9;21.7;31.3;32.8
03/08/2020;Tektite;2;T2Q10;29.5;42.6;20
03/08/2020;Tektite;3;T3Q1;25.9;29.5;37.3
03/08/2020;Tektite;3;T3Q2;22.7;41.4;28.3
03/08/2020;Tektite;3;T3Q3;32.5;34.5;27.4
03/08/2020;Tektite;3;T3Q4;33.3;42.3;20.6
03/08/2020;Tektite;3;T3Q5;24.1;34.4;37.9
03/08/2020;Tektite;3;T3Q6;32.5;35.6;26.3
03/08/2020;Tektite;3;T3Q7;33.3;46;18
03/08/2020;Tektite;3;T3Q8;36;33.5;19.8
03/08/2020;Tektite;3;T3Q9;25.4;40.6;29.9
03/08/2020;Tektite;3;T3Q10;38.3;34.7;26.5
01/12/1987;Yawzi;1;T1Q1;57;0.5;21.5
01/12/1987;Yawzi;1;T1Q2;23;2.5;56.5
01/12/1987;Yawzi;1;T1Q3;80;3;3
01/12/1987;Yawzi;1;T1Q4;67;0.5;25
01/12/1987;Yawzi;1;T1Q5;48.1;3.1;36.4
01/12/1987;Yawzi;1;T1Q6;58.9;4.8;44.8
01/12/1987;Yawzi;1;T1Q7;50.2;2.1;28.5
01/12/1987;Yawzi;1;T1Q8;58.5;1;12.5
01/12/1987;Yawzi;1;T1Q9;61;2;27
01/12/1987;Yawzi;1;T1Q10;33;1.5;55
01/12/1987;Yawzi;2;T2Q1;64.5;0;26
01/12/1987;Yawzi;2;T2Q2;20;5.5;74
01/12/1987;Yawzi;2;T2Q3;38.5;0;30
01/12/1987;Yawzi;2;T2Q4;46.5;6.5;19
01/12/1987;Yawzi;2;T2Q6;28.5;9;19
01/12/1987;Yawzi;2;T2Q7;24.5;2.5;44.5
01/12/1987;Yawzi;2;T2Q8;45;1.5;36.5
01/12/1987;Yawzi;2;T2Q9;34.5;4.5;44
01/12/1987;Yawzi;2;T2Q10;49.5;2;25.5
01/12/1987;Yawzi;3;T3Q1;76;0;2.5
01/12/1987;Yawzi;3;T3Q2;62.5;0;14.5
01/12/1987;Yawzi;3;T3Q3;62.5;0;28
01/12/1987;Yawzi;3;T3Q4;18.5;4;74
01/12/1987;Yawzi;3;T3Q5;42.7;4.7;37.8
01/12/1987;Yawzi;3;T3Q6;16;2.5;57
01/12/1987;Yawzi;3;T3Q7;49;0;34.5
01/12/1987;Yawzi;3;T3Q8;14;0;82
01/12/1987;Yawzi;3;T3Q9;22.5;0;42
01/12/1987;Yawzi;3;T3Q10;42;0.5;25
01/03/1988;Yawzi;1;T1Q1;49;0;25
01/03/1988;Yawzi;1;T1Q2;29;4;37.5
01/03/1988;Yawzi;1;T1Q3;64.6;1.5;11.2
01/03/1988;Yawzi;1;T1Q4;59.5;10.1;9.5
01/03/1988;Yawzi;1;T1Q5;41.7;1.2;18.5
01/03/1988;Yawzi;1;T1Q6;58.5;0;14.5
01/03/1988;Yawzi;1;T1Q7;37.8;1.8;19.6
01/03/1988;Yawzi;1;T1Q8;42;0;15.5
01/03/1988;Yawzi;1;T1Q9;64.5;1;7
01/03/1988;Yawzi;1;T1Q10;50;1;26.5
01/03/1988;Yawzi;2;T2Q1;66.5;1;11
01/03/1988;Yawzi;2;T2Q2;60.5;3.5;21.5
01/03/1988;Yawzi;2;T2Q3;61.5;3;13
01/03/1988;Yawzi;2;T2Q4;48;3.5;18
01/03/1988;Yawzi;2;T2Q5;34.5;2.5;49
01/03/1988;Yawzi;2;T2Q6;33.5;7;37.5
01/03/1988;Yawzi;2;T2Q7;47.5;1;40.5
01/03/1988;Yawzi;2;T2Q8;15;1;69
01/03/1988;Yawzi;2;T2Q9;23.5;6.5;46.5
01/03/1988;Yawzi;2;T2Q10;61.5;0.5;14.5
01/03/1988;Yawzi;3;T3Q1;58;0;6.5
01/03/1988;Yawzi;3;T3Q2;66;0;12.5
01/03/1988;Yawzi;3;T3Q3;43;5;27.5
01/03/1988;Yawzi;3;T3Q4;15.5;2.5;47
01/03/1988;Yawzi;3;T3Q5;28.5;5.1;39.5
01/03/1988;Yawzi;3;T3Q6;27.5;4.5;50.5
01/03/1988;Yawzi;3;T3Q7;31;4.5;33
01/03/1988;Yawzi;3;T3Q8;6;3.5;46
01/03/1988;Yawzi;3;T3Q9;29;2;36
01/03/1988;Yawzi;3;T3Q10;48.5;2.5;18.5
01/07/1988;Yawzi;1;T1Q1;44;0.5;29
01/07/1988;Yawzi;1;T1Q2;27.5;5;33
01/07/1988;Yawzi;1;T1Q3;64;1.5;4
01/07/1988;Yawzi;1;T1Q4;59.5;2.5;12
01/07/1988;Yawzi;1;T1Q5;48.7;5.9;7.2
01/07/1988;Yawzi;1;T1Q6;68;5;6.5
01/07/1988;Yawzi;1;T1Q7;55;7.5;24
01/07/1988;Yawzi;1;T1Q8;51;9;15
01/07/1988;Yawzi;1;T1Q9;65.5;1;13.5
01/07/1988;Yawzi;1;T1Q10;55.5;7;21.5
01/07/1988;Yawzi;2;T2Q1;66.5;6;5
01/07/1988;Yawzi;2;T2Q2;54.5;3.5;5.5
01/07/1988;Yawzi;2;T2Q3;67.5;0.5;7
01/07/1988;Yawzi;2;T2Q4;59;0;13
01/07/1988;Yawzi;2;T2Q5;34;12.5;26.5
01/07/1988;Yawzi;2;T2Q6;27.5;19.5;14
01/07/1988;Yawzi;2;T2Q7;32.5;4.5;44
01/07/1988;Yawzi;2;T2Q8;11;27.5;43.5
01/07/1988;Yawzi;2;T2Q9;23;27;34
01/07/1988;Yawzi;2;T2Q10;63.5;5.5;13.5
01/07/1988;Yawzi;3;T3Q1;64;0;7.5
01/07/1988;Yawzi;3;T3Q2;64.5;0;15.5
01/07/1988;Yawzi;3;T3Q3;46.5;12.5;20
01/07/1988;Yawzi;3;T3Q4;17.5;4;56
01/07/1988;Yawzi;3;T3Q5;29.5;7.2;37.7
01/07/1988;Yawzi;3;T3Q6;17;9.5;52
01/07/1988;Yawzi;3;T3Q7;45;5.5;35
01/07/1988;Yawzi;3;T3Q8;11.5;0.5;74
01/07/1988;Yawzi;3;T3Q9;24.5;5;44.5
01/07/1988;Yawzi;3;T3Q10;24;4;31
01/04/1989;Yawzi;1;T1Q1;48;3.5;23.5
01/04/1989;Yawzi;1;T1Q2;35;5;32
01/04/1989;Yawzi;1;T1Q3;68;1.5;10.5
01/04/1989;Yawzi;1;T1Q4;69.5;2;12
01/04/1989;Yawzi;1;T1Q5;31.3;2;30.5
01/04/1989;Yawzi;1;T1Q6;63;1;14
01/04/1989;Yawzi;1;T1Q7;53;12.6;15.7
01/04/1989;Yawzi;1;T1Q8;46;2.5;11.5
01/04/1989;Yawzi;1;T1Q9;70;2.5;9
01/04/1989;Yawzi;1;T1Q10;52;1;23
01/04/1989;Yawzi;2;T2Q1;71.5;4;5.5
01/04/1989;Yawzi;2;T2Q2;63;8;12.5
01/04/1989;Yawzi;2;T2Q3;72;0;13.5
01/04/1989;Yawzi;2;T2Q4;64.6;5;1.5
01/04/1989;Yawzi;2;T2Q5;31;8.5;10.5
01/04/1989;Yawzi;2;T2Q6;30;3.5;39
01/04/1989;Yawzi;2;T2Q7;39;10.5;30.5
01/04/1989;Yawzi;2;T2Q8;10.5;12;40.5
01/04/1989;Yawzi;2;T2Q9;27.5;8;20.5
01/04/1989;Yawzi;2;T2Q10;65;1;21
01/04/1989;Yawzi;3;T3Q1;65.5;0;2.5
01/04/1989;Yawzi;3;T3Q2;64.5;1;15
01/04/1989;Yawzi;3;T3Q3;53;2.5;20.5
01/04/1989;Yawzi;3;T3Q4;30.5;2;36.5
01/04/1989;Yawzi;3;T3Q5;33.5;2.5;30.7
01/04/1989;Yawzi;3;T3Q6;12;1.5;45.5
01/04/1989;Yawzi;3;T3Q7;49;5.5;15
01/04/1989;Yawzi;3;T3Q8;9.5;3;31.5
01/04/1989;Yawzi;3;T3Q9;15.5;12.5;5
01/04/1989;Yawzi;3;T3Q10;24;3;26
01/10/1989;Yawzi;1;T1Q1;51;4;14.5
01/10/1989;Yawzi;1;T1Q2;25.5;17.5;20.5
01/10/1989;Yawzi;1;T1Q3;59;4.5;6
01/10/1989;Yawzi;1;T1Q4;60.5;5.5;7.5
01/10/1989;Yawzi;1;T1Q5;41;3;15
01/10/1989;Yawzi;1;T1Q6;41.5;4;27.5
01/10/1989;Yawzi;1;T1Q7;46;6;20.5
01/10/1989;Yawzi;1;T1Q8;48.5;13;10.5
01/10/1989;Yawzi;2;T2Q1;12.5;nd;nd
01/10/1989;Yawzi;2;T2Q2;3;nd;nd
01/10/1989;Yawzi;2;T2Q3;27;nd;nd
01/10/1989;Yawzi;2;T2Q4;27;nd;nd
01/10/1989;Yawzi;2;T2Q5;37;nd;nd
01/10/1989;Yawzi;2;T2Q6;45.5;nd;nd
01/10/1989;Yawzi;2;T2Q7;37.5;nd;nd
01/10/1989;Yawzi;2;T2Q8;50;nd;nd
01/10/1989;Yawzi;2;T2Q9;33;nd;nd
01/10/1989;Yawzi;2;T2Q10;53.5;nd;nd
01/10/1989;Yawzi;3;T3Q1;53.5;3;27
01/10/1989;Yawzi;3;T3Q2;60.5;11;6
01/10/1989;Yawzi;3;T3Q3;53;17;15.5
01/10/1989;Yawzi;3;T3Q4;17;14;39
01/10/1989;Yawzi;3;T3Q5;5;11;56.5
01/10/1989;Yawzi;3;T3Q6;2;53;15
01/10/1989;Yawzi;3;T3Q7;6.5;48;29
01/10/1989;Yawzi;3;T3Q8;3.5;47;26.5
01/10/1989;Yawzi;3;T3Q9;1.5;67.5;3
01/10/1989;Yawzi;3;T3Q10;5;62.5;19.5
01/09/1990;Yawzi;1;T1Q1;52;8.5;7.5
01/09/1990;Yawzi;1;T1Q2;23;14;23.5
01/09/1990;Yawzi;1;T1Q3;58.5;5;3.5
01/09/1990;Yawzi;1;T1Q4;65.5;3;16.5
01/09/1990;Yawzi;1;T1Q5;60;6.5;7
01/09/1990;Yawzi;1;T1Q6;45;11;16
01/09/1990;Yawzi;1;T1Q7;42;10.5;13.5
01/09/1990;Yawzi;1;T1Q8;47;3.5;25.5
01/09/1990;Yawzi;1;T1Q9;64.5;1.5;10.5
01/09/1990;Yawzi;1;T1Q10;40.5;10;32.5
01/09/1990;Yawzi;2;T2Q1;60;4;8.5
01/09/1990;Yawzi;2;T2Q2;49.5;7.5;37.5
01/09/1990;Yawzi;2;T2Q3;48.5;10.5;21.5
01/09/1990;Yawzi;2;T2Q4;18.5;21;48.5
01/09/1990;Yawzi;2;T2Q5;13.5;46;22
01/09/1990;Yawzi;2;T2Q6;8.5;68.5;15
01/09/1990;Yawzi;2;T2Q7;8.5;69.5;15.5
01/09/1990;Yawzi;2;T2Q8;19.5;55;20.5
01/09/1990;Yawzi;2;T2Q9;5;81;7
01/09/1990;Yawzi;2;T2Q10;16.5;70;10.5
01/09/1990;Yawzi;3;T3Q1;51.5;5.5;17.5
01/09/1990;Yawzi;3;T3Q2;65;4;17
01/09/1990;Yawzi;3;T3Q3;53;15.5;8.5
01/09/1990;Yawzi;3;T3Q4;13.5;25.5;45.5
01/09/1990;Yawzi;3;T3Q5;6;36;35
01/09/1990;Yawzi;3;T3Q6;9.5;63.5;23
01/09/1990;Yawzi;3;T3Q7;6.5;47;34.5
01/09/1990;Yawzi;3;T3Q8;2;69;18
01/09/1990;Yawzi;3;T3Q10;7;78.5;12
01/03/1991;Yawzi;1;T1Q1;45;0;8.5
01/03/1991;Yawzi;1;T1Q2;27;4;37
01/03/1991;Yawzi;1;T1Q3;49;3.5;17
01/03/1991;Yawzi;1;T1Q4;69.5;1;17
01/03/1991;Yawzi;1;T1Q5;55.5;3;20
01/03/1991;Yawzi;1;T1Q6;43.5;2.5;42
01/03/1991;Yawzi;1;T1Q7;59;2.5;18.5
01/03/1991;Yawzi;1;T1Q8;55;2.5;19
01/03/1991;Yawzi;1;T1Q9;44.5;2;35.5
01/03/1991;Yawzi;1;T1Q10;33.5;7.5;45.5
01/03/1991;Yawzi;2;T2Q1;67;2.5;17
01/03/1991;Yawzi;2;T2Q2;37.5;0;50
01/03/1991;Yawzi;2;T2Q3;38;4.5;39
01/03/1991;Yawzi;2;T2Q4;16;2;64
01/03/1991;Yawzi;2;T2Q5;14;18;43.5
01/03/1991;Yawzi;2;T2Q6;9;22;44.5
01/03/1991;Yawzi;2;T2Q7;10;9.5;54.5
01/03/1991;Yawzi;2;T2Q8;18.5;0.5;54
01/03/1991;Yawzi;2;T2Q9;9;14.5;55.5
01/03/1991;Yawzi;2;T2Q10;22;12;57
01/03/1991;Yawzi;3;T3Q1;54;4.5;14
01/03/1991;Yawzi;3;T3Q2;55.5;3.5;15
01/03/1991;Yawzi;3;T3Q3;49;3;22
01/03/1991;Yawzi;3;T3Q4;10.5;2.5;64
01/03/1991;Yawzi;3;T3Q5;6;2.5;66
01/03/1991;Yawzi;3;T3Q6;4;4;72.5
01/03/1991;Yawzi;3;T3Q7;8.5;15;53
01/03/1991;Yawzi;3;T3Q8;2.5;16;50
01/03/1991;Yawzi;3;T3Q9;4;11.5;71
01/03/1991;Yawzi;3;T3Q10;6.5;21.5;49
01/05/1992;Yawzi;1;T1Q1;51.7;0;18.9
01/05/1992;Yawzi;1;T1Q2;20.1;0.5;45.9
01/05/1992;Yawzi;1;T1Q3;53.3;1.5;15.6
01/05/1992;Yawzi;1;T1Q4;57.1;0;7.7
01/05/1992;Yawzi;1;T1Q5;51.3;0;24.4
01/05/1992;Yawzi;1;T1Q6;31.1;0;35.9
01/05/1992;Yawzi;1;T1Q7;39.2;1.5;31.4
01/05/1992;Yawzi;1;T1Q8;39.2;0;25.2
01/05/1992;Yawzi;1;T1Q9;39;0;24.4
01/05/1992;Yawzi;1;T1Q10;19.3;0;76.3
01/05/1992;Yawzi;2;T2Q2;nd;nd;nd
01/05/1992;Yawzi;2;T2Q3;nd;nd;nd
01/05/1992;Yawzi;2;T2Q4;nd;nd;nd
01/05/1992;Yawzi;2;T2Q5;nd;nd;nd
01/05/1992;Yawzi;2;T2Q6;nd;nd;nd
01/05/1992;Yawzi;2;T2Q7;nd;nd;nd
01/05/1992;Yawzi;2;T2Q8;nd;nd;nd
01/05/1992;Yawzi;2;T2Q9;nd;nd;nd
01/05/1992;Yawzi;2;T2Q10;nd;nd;nd
01/05/1992;Yawzi;3;T3Q1;54.7;0;23.5
01/05/1992;Yawzi;3;T3Q2;62;3;22.7
01/05/1992;Yawzi;3;T3Q3;61.5;0.6;30.2
01/05/1992;Yawzi;3;T3Q4;7.8;1.2;84.5
01/05/1992;Yawzi;3;T3Q5;7.6;0;87.7
01/05/1992;Yawzi;3;T3Q6;5.3;2.3;83.2
01/05/1992;Yawzi;3;T3Q7;9.1;7.3;72.8
01/05/1992;Yawzi;3;T3Q8;8.7;12.4;72.7
01/05/1992;Yawzi;3;T3Q9;3.1;20.2;68.5
01/05/1992;Yawzi;3;T3Q10;7.6;25.3;62.8
01/06/1993;Yawzi;1;T1Q1;64.8;7.5;14
01/06/1993;Yawzi;1;T1Q2;23.2;27;19.5
01/06/1993;Yawzi;1;T1Q3;61.8;4;5.5
01/06/1993;Yawzi;1;T1Q4;55.3;5.5;10.5
01/06/1993;Yawzi;1;T1Q5;52.2;0;17.5
01/06/1993;Yawzi;1;T1Q6;35.3;2;25.5
01/06/1993;Yawzi;1;T1Q7;30.6;1;31
01/06/1993;Yawzi;1;T1Q8;57.6;6.5;26.5
01/06/1993;Yawzi;1;T1Q9;60.5;1;20
01/06/1993;Yawzi;1;T1Q10;34.6;4.5;44.5
01/06/1993;Yawzi;2;T2Q1;58.2;1;13
01/06/1993;Yawzi;2;T2Q2;30.6;10;27.5
01/06/1993;Yawzi;2;T2Q3;41.6;8.5;47.5
01/06/1993;Yawzi;2;T2Q4;16.5;14.5;57.5
01/06/1993;Yawzi;2;T2Q5;15.2;6.5;60
01/06/1993;Yawzi;2;T2Q6;13.6;35;45
01/06/1993;Yawzi;2;T2Q7;13.6;16.5;46
01/06/1993;Yawzi;2;T2Q8;22.1;21;47
01/06/1993;Yawzi;2;T2Q9;8.1;32;46.5
01/06/1993;Yawzi;2;T2Q10;18.6;1;61.5
01/06/1993;Yawzi;3;T3Q1;51.2;0;10.5
01/06/1993;Yawzi;3;T3Q2;60.8;2.5;17.5
01/06/1993;Yawzi;3;T3Q3;71.3;4;15
01/06/1993;Yawzi;3;T3Q4;14.9;1.5;63.5
01/06/1993;Yawzi;3;T3Q5;9.4;9;69.5
01/06/1993;Yawzi;3;T3Q6;3.7;16;65
01/06/1993;Yawzi;3;T3Q7;9.8;9.5;73
01/06/1993;Yawzi;3;T3Q8;6;7.2;83.7
01/06/1993;Yawzi;3;T3Q9;5.9;17.9;79.1
01/06/1993;Yawzi;3;T3Q10;7.2;16.1;79.5
01/08/1994;Yawzi;1;T1Q1;54.4;4;17.5
01/08/1994;Yawzi;1;T1Q2;77.1;16.5;9.5
01/08/1994;Yawzi;1;T1Q3;65;0;6
01/08/1994;Yawzi;1;T1Q4;51.1;1;7
01/08/1994;Yawzi;1;T1Q5;19.9;4;14.5
01/08/1994;Yawzi;1;T1Q6;41;3.5;29.5
01/08/1994;Yawzi;1;T1Q7;38.5;0;19.7
01/08/1994;Yawzi;1;T1Q8;66;0;12.5
01/08/1994;Yawzi;1;T1Q9;68;2;13
01/08/1994;Yawzi;1;T1Q10;37;6;43.5
01/08/1994;Yawzi;2;T2Q1;74;5;3.5
01/08/1994;Yawzi;2;T2Q2;39.4;6;34
01/08/1994;Yawzi;2;T2Q3;42.4;18;25
01/08/1994;Yawzi;2;T2Q4;21.1;14;45.5
01/08/1994;Yawzi;2;T2Q5;27.4;17.5;43.5
01/08/1994;Yawzi;2;T2Q6;13.5;24.5;37
01/08/1994;Yawzi;2;T2Q7;26;42;17.5
01/08/1994;Yawzi;2;T2Q8;22;42.5;20
01/08/1994;Yawzi;2;T2Q9;15.5;56;8.5
01/08/1994;Yawzi;2;T2Q10;15.5;14.5;42
01/08/1994;Yawzi;3;T3Q1;53;3.5;20
01/08/1994;Yawzi;3;T3Q2;60;2.5;10
01/08/1994;Yawzi;3;T3Q3;77.2;5;17.5
01/08/1994;Yawzi;3;T3Q4;18.8;24.5;34
01/08/1994;Yawzi;3;T3Q5;4.5;20.5;55.5
01/08/1994;Yawzi;3;T3Q6;4;23;52
01/08/1994;Yawzi;3;T3Q7;23.1;30.5;42
01/08/1994;Yawzi;3;T3Q8;6.6;38;40
01/08/1994;Yawzi;3;T3Q9;3;55.5;17.5
01/08/1994;Yawzi;3;T3Q10;7.2;37;25
01/05/1995;Yawzi;1;T1Q1;37.4;3;34
01/05/1995;Yawzi;1;T1Q2;37.3;6.5;31
01/05/1995;Yawzi;1;T1Q3;60.8;0;2.5
01/05/1995;Yawzi;1;T1Q4;49.4;0.5;8.5
01/05/1995;Yawzi;1;T1Q5;41.2;0;13
01/05/1995;Yawzi;1;T1Q6;28.6;0;26.5
01/05/1995;Yawzi;1;T1Q7;43;0;27
01/05/1995;Yawzi;1;T1Q8;54.7;3;13.5
01/05/1995;Yawzi;1;T1Q9;45.1;7;14
01/05/1995;Yawzi;1;T1Q10;22.1;5;41.5
01/05/1995;Yawzi;2;T2Q1;54;0;12.5
01/05/1995;Yawzi;2;T2Q2;29.3;2;38
01/05/1995;Yawzi;2;T2Q3;43;15.5;20
01/05/1995;Yawzi;2;T2Q4;18.7;14.5;55.5
01/05/1995;Yawzi;2;T2Q5;21.8;7;54.5
01/05/1995;Yawzi;2;T2Q6;7;31;36.5
01/05/1995;Yawzi;2;T2Q7;13.7;32;46
01/05/1995;Yawzi;2;T2Q8;26.5;26;38.5
01/05/1995;Yawzi;2;T2Q9;8;22.5;55.5
01/05/1995;Yawzi;2;T2Q10;17.4;22;46.5
01/05/1995;Yawzi;3;T3Q1;52.9;2.5;12.5
01/05/1995;Yawzi;3;T3Q2;50.6;0;20.5
01/05/1995;Yawzi;3;T3Q3;66.7;3.5;12.5
01/05/1995;Yawzi;3;T3Q4;12.8;4;59.5
01/05/1995;Yawzi;3;T3Q5;9.5;19;64
01/05/1995;Yawzi;3;T3Q6;6.9;17.5;59.5
01/05/1995;Yawzi;3;T3Q7;13.8;19.5;56.5
01/05/1995;Yawzi;3;T3Q8;3.4;44.5;35
01/05/1995;Yawzi;3;T3Q9;4.4;49;33
01/05/1995;Yawzi;3;T3Q10;12.3;34;42.5
01/05/1996;Yawzi;1;T1Q1;68.7;1.1;9.7
01/05/1996;Yawzi;1;T1Q2;29.6;7;32.2
01/05/1996;Yawzi;1;T1Q3;64.4;2.6;2.6
01/05/1996;Yawzi;1;T1Q4;53.7;2.1;20.2
01/05/1996;Yawzi;1;T1Q5;60.7;5.8;10.5
01/05/1996;Yawzi;1;T1Q6;35.2;3.6;27.5
01/05/1996;Yawzi;1;T1Q7;32;5.8;36
01/05/1996;Yawzi;1;T1Q8;32.8;13.7;35
01/05/1996;Yawzi;1;T1Q9;40.2;6.1;24
01/05/1996;Yawzi;1;T1Q10;26;45.9;11.6
01/05/1996;Yawzi;2;T2Q1;15.7;47.1;16.9
01/05/1996;Yawzi;2;T2Q2;9.2;63.2;15.5
01/05/1996;Yawzi;2;T2Q3;4.2;65.1;15.1
01/05/1996;Yawzi;2;T2Q4;1.2;64;13.4
01/05/1996;Yawzi;2;T2Q5;1.1;56;23.9
01/05/1996;Yawzi;2;T2Q6;0.5;47.1;31.2
01/05/1996;Yawzi;2;T2Q7;5;30.8;52.8
01/05/1996;Yawzi;2;T2Q8;4.5;31.1;55.4
01/05/1996;Yawzi;2;T2Q9;9.6;25.8;57.3
01/05/1996;Yawzi;2;T2Q10;10.5;10.5;37.7
01/05/1996;Yawzi;3;T3Q1;25.3;26.3;26.3
01/05/1996;Yawzi;3;T3Q2;44;10.5;27.8
01/05/1996;Yawzi;3;T3Q3;35.9;8.9;36.5
01/05/1996;Yawzi;3;T3Q4;0.5;20.6;59.3
01/05/1996;Yawzi;3;T3Q5;0.5;29;52.6
01/05/1996;Yawzi;3;T3Q6;2.7;29;60.7
01/05/1996;Yawzi;3;T3Q7;6.4;23.5;54
01/05/1996;Yawzi;3;T3Q8;1;26.6;54.2
01/05/1996;Yawzi;3;T3Q9;0.5;16.1;48.7
01/05/1996;Yawzi;3;T3Q10;7;15.1;54.8
01/05/1997;Yawzi;1;T1Q1;74.5;0;22.5
01/05/1997;Yawzi;1;T1Q2;36;7;58.5
01/05/1997;Yawzi;1;T1Q3;70.5;12.5;17
01/05/1997;Yawzi;1;T1Q4;67.5;2;30.5
01/05/1997;Yawzi;1;T1Q5;69.5;0;30.5
01/05/1997;Yawzi;1;T1Q6;41.5;1.5;34
01/05/1997;Yawzi;1;T1Q7;31;5.5;62.5
01/05/1997;Yawzi;1;T1Q8;40;5;55
01/05/1997;Yawzi;1;T1Q9;45;9;12
01/05/1997;Yawzi;1;T1Q10;34.5;43;14.5
01/05/1997;Yawzi;2;T2Q1;8;82;10
01/05/1997;Yawzi;2;T2Q2;3.5;78;18.5
01/05/1997;Yawzi;2;T2Q3;5.5;78.5;11
01/05/1997;Yawzi;2;T2Q4;2.5;96.5;1
01/05/1997;Yawzi;2;T2Q5;2;88;10
01/05/1997;Yawzi;2;T2Q6;1.5;89;9.5
01/05/1997;Yawzi;2;T2Q7;7.5;82;10.5
01/05/1997;Yawzi;2;T2Q8;7.5;72.5;20
01/05/1997;Yawzi;2;T2Q9;9.5;63.5;27
01/05/1997;Yawzi;2;T2Q10;13;71.5;9
01/05/1997;Yawzi;3;T3Q1;24.5;61.5;14
01/05/1997;Yawzi;3;T3Q2;45.5;46.5;8
01/05/1997;Yawzi;3;T3Q3;42.5;41.5;16
01/05/1997;Yawzi;3;T3Q4;0.5;86;13.5
01/05/1997;Yawzi;3;T3Q5;1;83.5;15.5
01/05/1997;Yawzi;3;T3Q6;2.5;78;19.5
01/05/1997;Yawzi;3;T3Q7;5;75.5;19.5
01/05/1997;Yawzi;3;T3Q8;2.5;73.5;24
01/05/1997;Yawzi;3;T3Q9;0.5;75;24.5
01/05/1997;Yawzi;3;T3Q10;10;63;27
01/08/1998;Yawzi;1;T1Q1;61.6;2.5;10
01/08/1998;Yawzi;1;T1Q2;35.7;9.5;25
01/08/1998;Yawzi;1;T1Q3;68.4;3;4
01/08/1998;Yawzi;1;T1Q4;57.2;4;10.5
01/08/1998;Yawzi;1;T1Q5;53.5;2;4
01/08/1998;Yawzi;1;T1Q6;31.6;7;38
01/08/1998;Yawzi;1;T1Q7;26.9;4.5;35
01/08/1998;Yawzi;1;T1Q8;35.4;10;31.5
01/08/1998;Yawzi;1;T1Q9;36.8;36;11
01/08/1998;Yawzi;1;T1Q10;18.2;37;22.5
01/08/1998;Yawzi;2;T2Q1;7.7;55.5;18.5
01/08/1998;Yawzi;2;T2Q2;6.5;48.5;29.5
01/08/1998;Yawzi;2;T2Q3;4.4;63.5;19
01/08/1998;Yawzi;2;T2Q4;2.2;51;29.5
01/08/1998;Yawzi;2;T2Q5;1.8;50;19
01/08/1998;Yawzi;2;T2Q6;1;23;37.5
01/08/1998;Yawzi;2;T2Q7;4.5;46;22
01/08/1998;Yawzi;2;T2Q8;9.2;31;35
01/08/1998;Yawzi;2;T2Q9;3.9;32.5;19
01/08/1998;Yawzi;2;T2Q10;9;16.5;47.5
01/08/1998;Yawzi;3;T3Q1;26.9;13.5;30
01/08/1998;Yawzi;3;T3Q2;44.2;30;11
01/08/1998;Yawzi;3;T3Q3;37;33.5;17.5
01/08/1998;Yawzi;3;T3Q4;2.2;37.5;45
01/08/1998;Yawzi;3;T3Q5;1.1;22.5;47.5
01/08/1998;Yawzi;3;T3Q6;4.2;22.5;44.5
01/08/1998;Yawzi;3;T3Q7;2.5;13.5;48.5
01/08/1998;Yawzi;3;T3Q8;3.2;20;44.5
01/08/1998;Yawzi;3;T3Q9;3.3;26;22
01/08/1998;Yawzi;3;T3Q10;6.3;25;39
01/08/1999;Yawzi;1;T1Q1;32;24.9;11
01/08/1999;Yawzi;1;T1Q2;44.1;10.3;11.3
01/08/1999;Yawzi;1;T1Q3;52.5;5;23.8
01/08/1999;Yawzi;1;T1Q4;28.6;18.9;33.5
01/08/1999;Yawzi;1;T1Q5;26.4;12.9;32.6
01/08/1999;Yawzi;1;T1Q6;16.9;24.3;20.1
01/08/1999;Yawzi;1;T1Q7;6.7;38.9;27.2
01/08/1999;Yawzi;1;T1Q8;25.9;22.2;27
01/08/1999;Yawzi;1;T1Q9;10.1;47.9;21.3
01/08/1999;Yawzi;1;T1Q10;15.8;49.2;18
01/08/1999;Yawzi;2;T2Q1;2;56.1;13.3
01/08/1999;Yawzi;2;T2Q2;1.1;63.7;13.4
01/08/1999;Yawzi;2;T2Q3;0;44;36
01/08/1999;Yawzi;2;T2Q4;1.1;68.1;30.3
01/08/1999;Yawzi;2;T2Q5;0;55.4;27.2
01/08/1999;Yawzi;2;T2Q6;0;39;21.5
01/08/1999;Yawzi;2;T2Q7;3.6;34.7;28
01/08/1999;Yawzi;2;T2Q8;5.1;49.2;24.1
01/08/1999;Yawzi;2;T2Q9;2;29.4;27.9
01/08/1999;Yawzi;2;T2Q10;9.1;17.1;55.6
01/08/1999;Yawzi;3;T3Q1;9.7;42.1;34.4
01/08/1999;Yawzi;3;T3Q2;20.1;42.2;19.6
01/08/1999;Yawzi;3;T3Q3;29;25.4;18.1
01/08/1999;Yawzi;3;T3Q4;0.5;52.3;11.7
01/08/1999;Yawzi;3;T3Q5;0.5;50;15.5
01/08/1999;Yawzi;3;T3Q6;2.1;57.9;7.2
01/08/1999;Yawzi;3;T3Q7;0;41.4;34.6
01/08/1999;Yawzi;3;T3Q8;1.5;48;25.3
01/08/1999;Yawzi;3;T3Q9;1.5;25.3;20.6
01/08/1999;Yawzi;3;T3Q10;8.2;44.4;8.2
01/08/2000;Yawzi;1;T1Q1;60.3;0.5;10.9
01/08/2000;Yawzi;1;T1Q2;31.7;11.6;15.9
01/08/2000;Yawzi;1;T1Q3;65.7;11.6;8.3
01/08/2000;Yawzi;1;T1Q4;49.5;6.5;14.5
01/08/2000;Yawzi;1;T1Q5;15.9;7.9;37.6
01/08/2000;Yawzi;1;T1Q6;9.5;18;20.5
01/08/2000;Yawzi;1;T1Q7;16;20.5;24.5
01/08/2000;Yawzi;1;T1Q8;8.5;18.5;47
01/08/2000;Yawzi;1;T1Q9;10.8;20;37.3
01/08/2000;Yawzi;1;T1Q10;14.2;37.7;18.6
01/08/2000;Yawzi;2;T2Q1;5.1;56.4;12.3
01/08/2000;Yawzi;2;T2Q2;4;63.8;14.6
01/08/2000;Yawzi;2;T2Q3;1.5;66.3;10.1
01/08/2000;Yawzi;2;T2Q4;1.5;73.6;14.2
01/08/2000;Yawzi;2;T2Q5;0.5;63.3;9.5
01/08/2000;Yawzi;2;T2Q6;0.5;52.3;8
01/08/2000;Yawzi;2;T2Q7;1.1;72.3;11.9
01/08/2000;Yawzi;2;T2Q8;0.5;50.5;21.1
01/08/2000;Yawzi;2;T2Q9;2.2;34.4;13.3
01/08/2000;Yawzi;2;T2Q10;7.4;25.9;11.6
01/08/2000;Yawzi;3;T3Q1;4.3;41.1;17.3
01/08/2000;Yawzi;3;T3Q2;21;46;13
01/08/2000;Yawzi;3;T3Q3;18.5;33.7;30.4
01/08/2000;Yawzi;3;T3Q4;0;50;7
01/08/2000;Yawzi;3;T3Q5;0.6;28.1;35.7
01/08/2000;Yawzi;3;T3Q6;0.6;45.9;21
01/08/2000;Yawzi;3;T3Q7;0;52.4;18.4
01/08/2000;Yawzi;3;T3Q8;0;23;27.5
01/08/2000;Yawzi;3;T3Q9;0;30.2;24.7
01/08/2000;Yawzi;3;T3Q10;6.6;42.4;11.6
01/08/2001;Yawzi;1;T1Q1;58.9;31.3;31.3
01/08/2001;Yawzi;1;T1Q2;43;15.1;24
01/08/2001;Yawzi;1;T1Q3;50;7.1;15.2
01/08/2001;Yawzi;1;T1Q4;44;7.2;15.5
01/08/2001;Yawzi;1;T1Q5;18.7;3;40.4
01/08/2001;Yawzi;1;T1Q6;5.6;13.2;45.2
01/08/2001;Yawzi;1;T1Q7;9.2;19.9;19.9
01/08/2001;Yawzi;1;T1Q8;7.1;14.6;42.9
01/08/2001;Yawzi;1;T1Q9;9.6;21.2;26.8
01/08/2001;Yawzi;1;T1Q10;17.6;24.9;20.2
01/08/2001;Yawzi;2;T2Q1;3;51.8;17.1
01/08/2001;Yawzi;2;T2Q2;2.6;57.1;27
01/08/2001;Yawzi;2;T2Q3;0;49.7;37.7
01/08/2001;Yawzi;2;T2Q4;1.5;45.4;46.4
01/08/2001;Yawzi;2;T2Q5;1.5;26.4;54.8
01/08/2001;Yawzi;2;T2Q6;1.5;15.2;64.5
01/08/2001;Yawzi;2;T2Q7;4;32.2;43.7
01/08/2001;Yawzi;2;T2Q8;2;14.8;70.4
01/08/2001;Yawzi;2;T2Q9;3.1;7.8;85.4
01/08/2001;Yawzi;2;T2Q10;7;13.6;61.3
01/08/2001;Yawzi;3;T3Q1;7.5;44.5;35.5
01/08/2001;Yawzi;3;T3Q2;19.8;45.7;19.8
01/08/2001;Yawzi;3;T3Q3;22.6;32.8;27.2
01/08/2001;Yawzi;3;T3Q4;0;45;47
01/08/2001;Yawzi;3;T3Q5;0.5;23.6;65.3
01/08/2001;Yawzi;3;T3Q6;0.5;32;51.3
01/08/2001;Yawzi;3;T3Q7;0.5;27.2;54.4
01/08/2001;Yawzi;3;T3Q8;0;15.7;78.2
01/08/2001;Yawzi;3;T3Q9;0;7.1;83.3
01/08/2001;Yawzi;3;T3Q10;7.1;18.3;46.7
01/08/2002;Yawzi;1;T1Q1;53.9;20.2;7.8
01/08/2002;Yawzi;1;T1Q2;26.9;21.8;48.7
01/08/2002;Yawzi;1;T1Q3;66;17;14.9
01/08/2002;Yawzi;1;T1Q4;38.7;21.6;35.1
01/08/2002;Yawzi;1;T1Q5;20.1;37;36.5
01/08/2002;Yawzi;1;T1Q6;16.8;29.9;48.2
01/08/2002;Yawzi;1;T1Q7;13;35.2;47.7
01/08/2002;Yawzi;1;T1Q8;9.2;57.1;30.6
01/08/2002;Yawzi;1;T1Q9;21.9;50.5;24
01/08/2002;Yawzi;1;T1Q10;23.7;37.6;37.6
01/08/2002;Yawzi;2;T2Q1;3.7;43.7;52.6
01/08/2002;Yawzi;2;T2Q2;2.6;58.8;36.1
01/08/2002;Yawzi;2;T2Q3;1.5;61.4;34.5
01/08/2002;Yawzi;2;T2Q4;2.1;65.3;29
01/08/2002;Yawzi;2;T2Q5;2.8;43;40.8
01/08/2002;Yawzi;2;T2Q6;0.5;35;29.4
01/08/2002;Yawzi;2;T2Q7;3.7;41.1;30
01/08/2002;Yawzi;2;T2Q8;1.5;41.2;37.1
01/08/2002;Yawzi;2;T2Q9;3;26.3;29.8
01/08/2002;Yawzi;2;T2Q10;11.2;34.2;21.9
01/08/2002;Yawzi;3;T3Q1;6.7;52.3;36.3
01/08/2002;Yawzi;3;T3Q2;15.3;49.5;32.7
01/08/2002;Yawzi;3;T3Q3;27.6;31.8;31.8
01/08/2002;Yawzi;3;T3Q4;2;53.6;32.1
01/08/2002;Yawzi;3;T3Q5;0.5;40.1;51
01/08/2002;Yawzi;3;T3Q6;1;49.5;36.6
01/08/2002;Yawzi;3;T3Q7;1.1;31.7;48.1
01/08/2002;Yawzi;3;T3Q8;0;38.7;39.2
01/08/2002;Yawzi;3;T3Q9;0;14;24.9
01/08/2002;Yawzi;3;T3Q10;6.7;43;25.4
01/08/2003;Yawzi;1;T1Q1;60.1;2;12.1
01/08/2003;Yawzi;1;T1Q2;39.6;6.1;29.9
01/08/2003;Yawzi;1;T1Q3;51.8;4;16.6
01/08/2003;Yawzi;1;T1Q4;29;4;22.5
01/08/2003;Yawzi;1;T1Q5;20;4.1;45.6
01/08/2003;Yawzi;1;T1Q6;9.1;4.6;65
01/08/2003;Yawzi;1;T1Q7;12.8;9.2;49.2
01/08/2003;Yawzi;1;T1Q8;12.4;29.4;33
01/08/2003;Yawzi;1;T1Q9;16.9;22.1;33.8
01/08/2003;Yawzi;1;T1Q10;20;28.7;23.1
01/08/2003;Yawzi;2;T2Q1;4.1;58.4;1.5
01/08/2003;Yawzi;2;T2Q2;5.1;32.3;29.3
01/08/2003;Yawzi;2;T2Q3;1.5;32;40
01/08/2003;Yawzi;2;T2Q4;2.5;43.1;23.4
01/08/2003;Yawzi;2;T2Q5;0.5;27.8;26.8
01/08/2003;Yawzi;2;T2Q6;1.5;23.7;28.3
01/08/2003;Yawzi;2;T2Q7;4.6;26.3;41.8
01/08/2003;Yawzi;2;T2Q8;3.6;16.7;34.4
01/08/2003;Yawzi;2;T2Q9;1;18.9;33.7
01/08/2003;Yawzi;2;T2Q10;9.2;8.1;20
01/08/2003;Yawzi;3;T3Q1;12.9;52.1;9.8
01/08/2003;Yawzi;3;T3Q2;17.4;33.3;20.5
01/08/2003;Yawzi;3;T3Q3;26.7;19.4;33.5
01/08/2003;Yawzi;3;T3Q4;0.5;38.9;18.4
01/08/2003;Yawzi;3;T3Q5;0.5;31.6;37.8
01/08/2003;Yawzi;3;T3Q6;1;32.5;15.7
01/08/2003;Yawzi;3;T3Q7;0;35.5;29.9
01/08/2003;Yawzi;3;T3Q8;0;29.1;16.1
01/08/2003;Yawzi;3;T3Q9;0;1.5;22.4
01/08/2003;Yawzi;3;T3Q10;4.6;41;27.7
01/08/2004;Yawzi;1;T1Q1;41.7;0.6;20.2
01/08/2004;Yawzi;1;T1Q2;22.3;14.5;12
01/08/2004;Yawzi;1;T1Q3;75;0;12.8
01/08/2004;Yawzi;1;T1Q4;14.4;1.9;28.8
01/08/2004;Yawzi;1;T1Q5;16.2;22.8;55.1
01/08/2004;Yawzi;1;T1Q6;8.6;34.4;48.5
01/08/2004;Yawzi;1;T1Q7;12.3;46.6;37.4
01/08/2004;Yawzi;1;T1Q8;20.4;43.6;23.3
01/08/2004;Yawzi;1;T1Q9;11.7;46.7;40.6
01/08/2004;Yawzi;1;T1Q10;22.7;55.2;21.5
01/08/2004;Yawzi;2;T2Q1;12.9;42.9;0
01/08/2004;Yawzi;2;T2Q2;5.8;33.9;2.3
01/08/2004;Yawzi;2;T2Q3;3.5;36.6;8.7
01/08/2004;Yawzi;2;T2Q4;1.8;40;9.4
01/08/2004;Yawzi;2;T2Q5;1.2;16.5;1.2
01/08/2004;Yawzi;2;T2Q6;1.9;10;2.5
01/08/2004;Yawzi;2;T2Q7;3.6;4.8;12.7
01/08/2004;Yawzi;2;T2Q8;3.1;11.9;3.8
01/08/2004;Yawzi;2;T2Q9;0;9.6;3.2
01/08/2004;Yawzi;2;T2Q10;8;7.4;3.7
01/08/2004;Yawzi;3;T3Q1;8.2;34.7;10.6
01/08/2004;Yawzi;3;T3Q2;18.3;34.1;7.9
01/08/2004;Yawzi;3;T3Q3;26.8;20.8;11.9
01/08/2004;Yawzi;3;T3Q4;1.2;8.8;3.5
01/08/2004;Yawzi;3;T3Q5;1.2;9.4;6.4
01/08/2004;Yawzi;3;T3Q6;0.6;8.4;9.6
01/08/2004;Yawzi;3;T3Q7;1.1;5.6;10.7
01/08/2004;Yawzi;3;T3Q8;0;6;15.1
01/08/2004;Yawzi;3;T3Q9;1.8;1.8;1.8
01/08/2004;Yawzi;3;T3Q10;4;8.1;5.8
01/08/2005;Yawzi;1;T1Q1;44.1;0;53.1
01/08/2005;Yawzi;1;T1Q2;20.9;23.3;53.5
01/08/2005;Yawzi;1;T1Q3;38.2;20;35.2
01/08/2005;Yawzi;1;T1Q4;19.7;39.3;37.7
01/08/2005;Yawzi;1;T1Q5;26.1;19.4;51.5
01/08/2005;Yawzi;1;T1Q6;13.1;1.8;83.9
01/08/2005;Yawzi;1;T1Q7;50.9;3;46.2
01/08/2005;Yawzi;1;T1Q8;23.5;32.4;41.9
01/08/2005;Yawzi;1;T1Q9;55.5;9.8;34.7
01/08/2005;Yawzi;1;T1Q10;13;44.6;36.7
01/08/2005;Yawzi;2;T2Q1;7.6;41.9;32.6
01/08/2005;Yawzi;2;T2Q2;8;46;34.5
01/08/2005;Yawzi;2;T2Q3;2.7;51.6;35.3
01/08/2005;Yawzi;2;T2Q4;2.8;61.3;23.2
01/08/2005;Yawzi;2;T2Q5;6.9;49.1;16.6
01/08/2005;Yawzi;2;T2Q6;2.3;18.8;29.5
01/08/2005;Yawzi;2;T2Q7;6.9;21.7;33.1
01/08/2005;Yawzi;2;T2Q8;4.1;28.2;22.9
01/08/2005;Yawzi;2;T2Q9;1.7;19.9;26.7
01/08/2005;Yawzi;2;T2Q10;7.8;12;30.1
01/08/2005;Yawzi;3;T3Q1;12.2;28.3;55.6
01/08/2005;Yawzi;3;T3Q2;16.3;36;46.5
01/08/2005;Yawzi;3;T3Q3;18.1;31.9;41.9
01/08/2005;Yawzi;3;T3Q4;0.6;53.8;33.9
01/08/2005;Yawzi;3;T3Q5;0.6;39.3;55.1
01/08/2005;Yawzi;3;T3Q6;0.6;43.3;34.4
01/08/2005;Yawzi;3;T3Q7;1.1;31.8;30.7
01/08/2005;Yawzi;3;T3Q8;0.6;19.4;50
01/08/2005;Yawzi;3;T3Q9;0;7.3;2.8
01/08/2005;Yawzi;3;T3Q10;8.2;10.4;69.2
01/08/2006;Yawzi;1;T1Q1;40;7.3;39.5
01/08/2006;Yawzi;1;T1Q2;22.1;24.9;42.6
01/08/2006;Yawzi;1;T1Q3;14.8;33.5;41.8
01/08/2006;Yawzi;1;T1Q4;17.7;10.7;62.4
01/08/2006;Yawzi;1;T1Q5;22.8;17.7;56.5
01/08/2006;Yawzi;1;T1Q6;7.4;12.7;80.3
01/08/2006;Yawzi;1;T1Q7;8.8;21.2;59.7
01/08/2006;Yawzi;1;T1Q8;13.5;55.9;20.7
01/08/2006;Yawzi;1;T1Q9;31;37.2;21.4
01/08/2006;Yawzi;1;T1Q10;12.8;50.8;17.9
01/08/2006;Yawzi;2;T2Q1;4;61.3;34.7
01/08/2006;Yawzi;2;T2Q2;5.1;65.1;29.7
01/08/2006;Yawzi;2;T2Q3;2.1;68;29.9
01/08/2006;Yawzi;2;T2Q4;1;85.7;13.3
01/08/2006;Yawzi;2;T2Q5;2.6;69.6;16
01/08/2006;Yawzi;2;T2Q6;0;54.5;15.7
01/08/2006;Yawzi;2;T2Q7;3.1;74.2;13.4
01/08/2006;Yawzi;2;T2Q8;1;61.5;10.5
01/08/2006;Yawzi;2;T2Q9;0;44.9;19.4
01/08/2006;Yawzi;2;T2Q10;6.3;45.3;13.2
01/08/2006;Yawzi;3;T3Q1;2.5;78.6;16.6
01/08/2006;Yawzi;3;T3Q2;25.8;56.7;14.6
01/08/2006;Yawzi;3;T3Q3;15;43.9;28.9
01/08/2006;Yawzi;3;T3Q4;0;51.8;33.2
01/08/2006;Yawzi;3;T3Q5;1;63.1;37.4
01/08/2006;Yawzi;3;T3Q6;0.5;61;30.3
01/08/2006;Yawzi;3;T3Q7;2.6;40.5;34.7
01/08/2006;Yawzi;3;T3Q8;0;46.6;22.6
01/08/2006;Yawzi;3;T3Q9;0;29;11.9
01/08/2006;Yawzi;3;T3Q10;3;46.4;29.3
01/08/2007;Yawzi;1;T1Q1;36.8;3.2;54.2
01/08/2007;Yawzi;1;T1Q2;10.6;10.6;75.5
01/08/2007;Yawzi;1;T1Q3;13.1;31.7;47
01/08/2007;Yawzi;1;T1Q4;15.5;16.1;61.7
01/08/2007;Yawzi;1;T1Q5;20.3;19.8;59.9
01/08/2007;Yawzi;1;T1Q6;2.2;22.4;74.3
01/08/2007;Yawzi;1;T1Q7;7.2;27.6;65.2
01/08/2007;Yawzi;1;T1Q8;11.2;36.5;50.3
01/08/2007;Yawzi;1;T1Q9;35.5;26.5;0
01/08/2007;Yawzi;1;T1Q10;9.1;30.5;57.4
01/08/2007;Yawzi;2;T2Q1;5.1;39.5;54.4
01/08/2007;Yawzi;2;T2Q2;1.5;44.2;53.3
01/08/2007;Yawzi;2;T2Q3;1.1;41.9;53.2
01/08/2007;Yawzi;2;T2Q4;2.1;49.7;45.6
01/08/2007;Yawzi;2;T2Q5;5.2;34.9;51.6
01/08/2007;Yawzi;2;T2Q6;0.5;17;43.5
01/08/2007;Yawzi;2;T2Q7;1;34.5;58.9
01/08/2007;Yawzi;2;T2Q8;1;33.5;1
01/08/2007;Yawzi;2;T2Q9;1;10.8;47.9
01/08/2007;Yawzi;2;T2Q10;0;29.9;64.4
01/08/2007;Yawzi;3;T3Q1;11.2;23.5;60.4
01/08/2007;Yawzi;3;T3Q2;1;31.3;60.1
01/08/2007;Yawzi;3;T3Q3;1.5;28.1;70.4
01/08/2007;Yawzi;3;T3Q4;0.5;31;56.1
01/08/2007;Yawzi;3;T3Q5;1.5;19;64.6
01/08/2007;Yawzi;3;T3Q6;0;18.6;50.8
01/08/2007;Yawzi;3;T3Q7;0;15.8;52
01/08/2007;Yawzi;3;T3Q8;1;22.6;70.9
01/08/2007;Yawzi;3;T3Q9;3.6;24.2;70.1
01/08/2007;Yawzi;3;T3Q10;0.5;19.1;78.4
01/08/2008;Yawzi;1;T1Q1;32.4;0;49.7
01/08/2008;Yawzi;1;T1Q2;12.5;6.3;69.3
01/08/2008;Yawzi;1;T1Q3;24.7;15.8;48.9
01/08/2008;Yawzi;1;T1Q4;15.1;30.7;49
01/08/2008;Yawzi;1;T1Q5;20.9;24.1;55
01/08/2008;Yawzi;1;T1Q6;6.3;23;69.6
01/08/2008;Yawzi;1;T1Q7;11.1;32.7;56.1
01/08/2008;Yawzi;1;T1Q8;17.2;20.7;62.1
01/08/2008;Yawzi;1;T1Q9;18;33.1;48.8
01/08/2008;Yawzi;1;T1Q10;11.4;32.3;56.3
01/08/2008;Yawzi;2;T2Q1;4.4;64.4;31.1
01/08/2008;Yawzi;2;T2Q2;2.3;56.8;40.9
01/08/2008;Yawzi;2;T2Q3;3.5;41.9;53.5
01/08/2008;Yawzi;2;T2Q4;2.2;40.2;54.2
01/08/2008;Yawzi;2;T2Q5;8.1;34.6;49.7
01/08/2008;Yawzi;2;T2Q6;1.7;41;42.8
01/08/2008;Yawzi;2;T2Q7;2.8;19.7;68.5
01/08/2008;Yawzi;2;T2Q8;0;21.3;39.9
01/08/2008;Yawzi;2;T2Q9;1.1;19.2;33.3
01/08/2008;Yawzi;2;T2Q10;6.1;29.4;31.1
01/08/2008;Yawzi;3;T3Q1;3.2;30.8;64.9
01/08/2008;Yawzi;3;T3Q2;18.2;29;52.3
01/08/2008;Yawzi;3;T3Q3;17;24.6;50.3
01/08/2008;Yawzi;3;T3Q4;1.1;27.9;60.3
01/08/2008;Yawzi;3;T3Q5;0.6;33.3;66.1
01/08/2008;Yawzi;3;T3Q6;1.7;32.4;60.7
01/08/2008;Yawzi;3;T3Q7;0.6;13;72.3
01/08/2008;Yawzi;3;T3Q8;0;17;35.8
01/08/2008;Yawzi;3;T3Q9;0;10;42.8
01/08/2008;Yawzi;3;T3Q10;0;7.6;67.3
01/08/2009;Yawzi;1;T1Q1;35.6;2.1;54.3
01/08/2009;Yawzi;1;T1Q2;6.4;31.4;58.5
01/08/2009;Yawzi;1;T1Q3;22;14.5;55.4
01/08/2009;Yawzi;1;T1Q4;29;26.9;37.1
01/08/2009;Yawzi;1;T1Q5;7.5;17.1;74.3
01/08/2009;Yawzi;1;T1Q6;5.4;40.9;51.6
01/08/2009;Yawzi;1;T1Q7;13.7;27.4;54.7
01/08/2009;Yawzi;1;T1Q8;19.4;49.2;28.8
01/08/2009;Yawzi;1;T1Q9;11.9;56.2;29.9
01/08/2009;Yawzi;1;T1Q10;14.2;44.7;41.1
01/08/2009;Yawzi;2;T2Q1;1.6;74.1;24.3
01/08/2009;Yawzi;2;T2Q2;1.6;77;19.4
01/08/2009;Yawzi;2;T2Q3;1.6;50.8;39.2
01/08/2009;Yawzi;2;T2Q4;6.3;54.2;27.9
01/08/2009;Yawzi;2;T2Q5;8;47.1;20.3
01/08/2009;Yawzi;2;T2Q6;1;28.3;30.9
01/08/2009;Yawzi;2;T2Q7;2.1;48.7;26.2
01/08/2009;Yawzi;2;T2Q8;0;38.1;32.8
01/08/2009;Yawzi;2;T2Q9;0;37.2;26
01/08/2009;Yawzi;2;T2Q10;8.1;33.3;33.3
01/08/2009;Yawzi;3;T3Q1;4.2;58.6;27.7
01/08/2009;Yawzi;3;T3Q2;16;39.4;34
01/08/2009;Yawzi;3;T3Q3;15.5;51.4;25.4
01/08/2009;Yawzi;3;T3Q4;0;36.1;41.4
01/08/2009;Yawzi;3;T3Q5;1;45.8;42.7
01/08/2009;Yawzi;3;T3Q6;1.6;34.9;17.2
01/08/2009;Yawzi;3;T3Q7;0.5;32.6;33.7
01/08/2009;Yawzi;3;T3Q8;0;35.1;24.7
01/08/2009;Yawzi;3;T3Q9;0;32.3;45.3
01/08/2009;Yawzi;3;T3Q10;2.1;46.4;32.8
01/08/2010;Yawzi;1;T1Q1;45.9;20.9;16.3
01/08/2010;Yawzi;1;T1Q2;2.6;49.7;41
01/08/2010;Yawzi;1;T1Q3;15.3;37.6;43.9
01/08/2010;Yawzi;1;T1Q4;22.6;37.6;38.2
01/08/2010;Yawzi;1;T1Q5;16.4;22.2;60.3
01/08/2010;Yawzi;1;T1Q6;7.2;26.3;64.4
01/08/2010;Yawzi;1;T1Q7;11.3;34;47.9
01/08/2010;Yawzi;1;T1Q8;16.8;45.8;31.6
01/08/2010;Yawzi;1;T1Q9;12.7;37;45
01/08/2010;Yawzi;1;T1Q10;13.3;52.7;34
01/08/2010;Yawzi;2;T2Q1;7.8;45.8;37.5
01/08/2010;Yawzi;2;T2Q2;7;52.4;35.8
01/08/2010;Yawzi;2;T2Q3;3.6;64.8;28.5
01/08/2010;Yawzi;2;T2Q4;5.9;60.6;10.6
01/08/2010;Yawzi;2;T2Q5;3.2;67.2;16.9
01/08/2010;Yawzi;2;T2Q6;4.8;60.3;7.4
01/08/2010;Yawzi;2;T2Q7;1.6;50.5;0
01/08/2010;Yawzi;2;T2Q8;9;54.3;3.7
01/08/2010;Yawzi;2;T2Q9;0;40.6;24.5
01/08/2010;Yawzi;2;T2Q10;1.5;32.5;12.7
01/08/2010;Yawzi;3;T3Q1;5.5;40.9;21
01/08/2010;Yawzi;3;T3Q2;4.6;74.2;16
01/08/2010;Yawzi;3;T3Q3;13;56;24.9
01/08/2010;Yawzi;3;T3Q4;12.2;45;33.9
01/08/2010;Yawzi;3;T3Q5;1;59.8;14.9
01/08/2010;Yawzi;3;T3Q6;2.6;52.6;23.5
01/08/2010;Yawzi;3;T3Q7;1.1;38.2;21.5
01/08/2010;Yawzi;3;T3Q8;3.5;57.1;17.2
01/08/2010;Yawzi;3;T3Q9;0;44.7;1.1
01/08/2010;Yawzi;3;T3Q10;0;38.3;31.1
01/08/2011;Yawzi;1;T1Q1;45.2;15.6;35.7
01/08/2011;Yawzi;1;T1Q2;4;28.6;61.8
01/08/2011;Yawzi;1;T1Q3;10.3;43.3;40.7
01/08/2011;Yawzi;1;T1Q4;21.1;29.1;42.7
01/08/2011;Yawzi;1;T1Q5;10.8;46.9;40.2
01/08/2011;Yawzi;1;T1Q6;7.1;36.9;55.6
01/08/2011;Yawzi;1;T1Q7;9;36;49.5
01/08/2011;Yawzi;1;T1Q8;6.6;33.3;52
01/08/2011;Yawzi;1;T1Q9;13.5;31.5;49.5
01/08/2011;Yawzi;1;T1Q10;4.5;38.2;56.8
01/08/2011;Yawzi;2;T2Q1;4.5;50.8;36.2
01/08/2011;Yawzi;2;T2Q2;4.5;71;24
01/08/2011;Yawzi;2;T2Q3;2.5;50.8;45.2
01/08/2011;Yawzi;2;T2Q4;2.5;44.2;46.7
01/08/2011;Yawzi;2;T2Q5;8;52;25.5
01/08/2011;Yawzi;2;T2Q6;1;24.9;25.9
01/08/2011;Yawzi;2;T2Q7;4;43;44.5
01/08/2011;Yawzi;2;T2Q8;0;32.5;39
01/08/2011;Yawzi;2;T2Q9;0;39.5;38
01/08/2011;Yawzi;2;T2Q10;5.2;39.7;39.2
01/08/2011;Yawzi;3;T3Q1;3;48.5;42
01/08/2011;Yawzi;3;T3Q2;16.5;36.5;42.5
01/08/2011;Yawzi;3;T3Q3;13;36.5;41
01/08/2011;Yawzi;3;T3Q4;0;64;24
01/08/2011;Yawzi;3;T3Q5;0;39.5;45.5
01/08/2011;Yawzi;3;T3Q6;0;13.6;70.7
01/08/2011;Yawzi;3;T3Q7;3;22;59
01/08/2011;Yawzi;3;T3Q8;0;30.5;46
01/08/2011;Yawzi;3;T3Q9;0;16;53
01/08/2011;Yawzi;3;T3Q10;2.5;38.7;54.8
01/08/2012;Yawzi;1;T1Q1;45.2;31.7;22.6
01/08/2012;Yawzi;1;T1Q2;1.5;53.5;43
01/08/2012;Yawzi;1;T1Q3;18.6;49.2;26.1
01/08/2012;Yawzi;1;T1Q4;13.6;49.5;27.8
01/08/2012;Yawzi;1;T1Q5;12.6;51.8;28.1
01/08/2012;Yawzi;1;T1Q6;1;61.5;34
01/08/2012;Yawzi;1;T1Q7;14.5;46.5;22
01/08/2012;Yawzi;1;T1Q8;15.1;45.2;28.1
01/08/2012;Yawzi;1;T1Q9;11;51;33
01/08/2012;Yawzi;1;T1Q10;7.5;42.5;44
01/08/2012;Yawzi;2;T2Q1;8.5;59.3;32.2
01/08/2012;Yawzi;2;T2Q2;3;54.5;39.4
01/08/2012;Yawzi;2;T2Q3;3.5;56.5;37
01/08/2012;Yawzi;2;T2Q4;3;53.8;36
01/08/2012;Yawzi;2;T2Q5;10.5;20.5;62.5
01/08/2012;Yawzi;2;T2Q6;2;31.5;64
01/08/2012;Yawzi;2;T2Q7;5.1;52.5;34.8
01/08/2012;Yawzi;2;T2Q8;0;29.1;56.1
01/08/2012;Yawzi;2;T2Q9;2;16.1;72.4
01/08/2012;Yawzi;2;T2Q10;4.6;20.5;67.2
01/08/2012;Yawzi;3;T3Q1;2.5;66;22.5
01/08/2012;Yawzi;3;T3Q2;8;52;34
01/08/2012;Yawzi;3;T3Q3;15;37;40.5
01/08/2012;Yawzi;3;T3Q4;0.5;57.7;37.8
01/08/2012;Yawzi;3;T3Q5;0;43.5;50.5
01/08/2012;Yawzi;3;T3Q6;0;23;76.5
01/08/2012;Yawzi;3;T3Q7;2;33.7;60.3
01/08/2012;Yawzi;3;T3Q8;0;37.7;57.8
01/08/2012;Yawzi;3;T3Q9;0;32;51
01/08/2012;Yawzi;3;T3Q10;3;26;68.5
01/08/2013;Yawzi;1;T1Q1;33.5;35;29.5
01/08/2013;Yawzi;1;T1Q2;2;66.8;30.2
01/08/2013;Yawzi;1;T1Q3;13.1;46.5;35.4
01/08/2013;Yawzi;1;T1Q4;23.8;34.4;38.6
01/08/2013;Yawzi;1;T1Q5;5.9;34.6;59.6
01/08/2013;Yawzi;1;T1Q6;5.8;30.2;62.4
01/08/2013;Yawzi;1;T1Q7;9.6;55.1;27.8
01/08/2013;Yawzi;1;T1Q8;11.7;41.1;45.7
01/08/2013;Yawzi;1;T1Q9;7.1;39.1;47.2
01/08/2013;Yawzi;1;T1Q10;8.5;12.5;75
01/08/2013;Yawzi;2;T2Q1;2.5;26;69.5
01/08/2013;Yawzi;2;T2Q2;1.5;36.5;60.5
01/08/2013;Yawzi;2;T2Q3;2.5;18.1;77.9
01/08/2013;Yawzi;2;T2Q4;2.5;34.7;53.8
01/08/2013;Yawzi;2;T2Q5;6;33.7;53.3
01/08/2013;Yawzi;2;T2Q6;1.5;21.7;57.6
01/08/2013;Yawzi;2;T2Q7;6.5;38;50.5
01/08/2013;Yawzi;2;T2Q8;0;35.5;44.5
01/08/2013;Yawzi;2;T2Q9;0.5;38.5;41.5
01/08/2013;Yawzi;2;T2Q10;9.5;27.5;50
01/08/2013;Yawzi;3;T3Q1;1;48.7;42.7
01/08/2013;Yawzi;3;T3Q2;4.5;33.3;55.6
01/08/2013;Yawzi;3;T3Q3;8;31.7;55.8
01/08/2013;Yawzi;3;T3Q4;0;24.5;69.5
01/08/2013;Yawzi;3;T3Q5;0;32;61.5
01/08/2013;Yawzi;3;T3Q6;0;10.5;82.5
01/08/2013;Yawzi;3;T3Q7;0.5;39;41.5
01/08/2013;Yawzi;3;T3Q8;0;29.5;49
01/08/2013;Yawzi;3;T3Q9;0;13;47.5
01/08/2013;Yawzi;3;T3Q10;1;18.6;74.4
14/08/2019;Yawzi;1;T1Q1;49;24;19.5
14/08/2019;Yawzi;1;T1Q2;4.1;46.7;36.5
14/08/2019;Yawzi;1;T1Q3;15.5;34.5;45.5
14/08/2019;Yawzi;1;T1Q4;15.5;46;30.5
14/08/2019;Yawzi;1;T1Q5;9.5;42;47
14/08/2019;Yawzi;1;T1Q6;4.5;45.5;47
14/08/2019;Yawzi;1;T1Q7;12.5;40.5;38.5
14/08/2019;Yawzi;1;T1Q8;10;53.5;25.5
14/08/2019;Yawzi;1;T1Q9;13;40;39.5
14/08/2019;Yawzi;1;T1Q10;6.5;33;55
14/08/2019;Yawzi;2;T2Q1;2.5;57.5;33.5
14/08/2019;Yawzi;2;T2Q2;3.5;60.5;28
14/08/2019;Yawzi;2;T2Q3;3;47.7;45.7
14/08/2019;Yawzi;2;T2Q4;1;52.5;33.5
14/08/2019;Yawzi;2;T2Q5;7.5;33;41
14/08/2019;Yawzi;2;T2Q6;1.5;9.5;46
14/08/2019;Yawzi;2;T2Q7;5.5;24;54.5
14/08/2019;Yawzi;2;T2Q8;1.5;15;52.5
14/08/2019;Yawzi;2;T2Q9;1;5;38.2
14/08/2019;Yawzi;2;T2Q10;7.7;16.9;40
14/08/2019;Yawzi;3;T3Q1;4;40.5;43
14/08/2019;Yawzi;3;T3Q2;4.5;45.7;42.7
14/08/2019;Yawzi;3;T3Q3;6;27.5;55
14/08/2019;Yawzi;3;T3Q4;0;11;84
14/08/2019;Yawzi;3;T3Q5;0;26.5;60.5
14/08/2019;Yawzi;3;T3Q6;0;9;76.5
14/08/2019;Yawzi;3;T3Q7;1;21;50.5
14/08/2019;Yawzi;3;T3Q8;0.5;23.1;35.7
14/08/2019;Yawzi;3;T3Q9;0;9;60
14/08/2019;Yawzi;3;T3Q10;3.5;22.5;51.5
15/08/2019;Yawzi;1;T1Q1;48.5;35;15
15/08/2019;Yawzi;1;T1Q2;7.5;64;23.5
15/08/2019;Yawzi;1;T1Q3;14.7;44.7;36
15/08/2019;Yawzi;1;T1Q4;9;50;26.5
15/08/2019;Yawzi;1;T1Q5;11;64;22.5
15/08/2019;Yawzi;1;T1Q6;4;72;22.5
15/08/2019;Yawzi;1;T1Q7;9;63;18.5
15/08/2019;Yawzi;1;T1Q8;8.5;57;18.5
15/08/2019;Yawzi;1;T1Q9;11.5;56.5;23.5
15/08/2019;Yawzi;1;T1Q10;8;64.5;20
15/08/2019;Yawzi;2;T2Q1;0.5;73.5;22
15/08/2019;Yawzi;2;T2Q2;2;73.5;22.5
15/08/2019;Yawzi;2;T2Q3;1.5;68.5;22
15/08/2019;Yawzi;2;T2Q4;0.5;58.5;27
15/08/2019;Yawzi;2;T2Q5;1;55;30.5
15/08/2019;Yawzi;2;T2Q6;3;27.5;46
15/08/2019;Yawzi;2;T2Q7;5;45;36.5
15/08/2019;Yawzi;2;T2Q8;0.5;37.5;44
15/08/2019;Yawzi;2;T2Q9;2.5;21;36
15/08/2019;Yawzi;2;T2Q10;7.7;26.3;39.7
15/08/2019;Yawzi;3;T3Q1;3;42;38
15/08/2019;Yawzi;3;T3Q2;4.5;54.5;36.5
15/08/2019;Yawzi;3;T3Q3;11;50.5;32
15/08/2019;Yawzi;3;T3Q4;0;27;64
15/08/2019;Yawzi;3;T3Q5;0;40;51
15/08/2019;Yawzi;3;T3Q6;0;16.5;69.5
15/08/2019;Yawzi;3;T3Q7;1;23;42.5
15/08/2019;Yawzi;3;T3Q8;0;28;53
15/08/2019;Yawzi;3;T3Q9;0;22;56.5
15/08/2019;Yawzi;3;T3Q10;3;29.5;53
16/08/2019;Yawzi;1;T1Q1;5.1;55.6;10.7
16/08/2019;Yawzi;1;T1Q2;6.2;45.4;35.6
16/08/2019;Yawzi;1;T1Q3;11.5;51.6;26.6
16/08/2019;Yawzi;1;T1Q4;1.6;48.2;15.2
16/08/2019;Yawzi;1;T1Q5;0.5;51.9;38.3
16/08/2019;Yawzi;1;T1Q6;0;18.4;80.5
16/08/2019;Yawzi;1;T1Q7;0.5;33.9;46.2
16/08/2019;Yawzi;1;T1Q8;0;33.7;36.4
16/08/2019;Yawzi;1;T1Q9;0;14.1;38.2
16/08/2019;Yawzi;1;T1Q10;2.1;31.7;47.1
16/08/2019;Yawzi;2;T2Q1;0.5;61.7;35.2
16/08/2019;Yawzi;2;T2Q2;3.1;61.7;33.7
16/08/2019;Yawzi;2;T2Q3;3.8;59.2;34.8
16/08/2019;Yawzi;2;T2Q4;2.1;61.3;19.9
16/08/2019;Yawzi;2;T2Q5;3.1;54.4;30.6
16/08/2019;Yawzi;2;T2Q6;2.1;28.4;44.2
16/08/2019;Yawzi;2;T2Q7;4.3;22;50
16/08/2019;Yawzi;2;T2Q8;1.6;22.8;49.2
16/08/2019;Yawzi;2;T2Q9;0.5;11.6;34.7
16/08/2019;Yawzi;2;T2Q10;5;19.9;47
16/08/2019;Yawzi;3;T3Q1;43.5;18.1;34.7
16/08/2019;Yawzi;3;T3Q2;8.3;39.1;49
16/08/2019;Yawzi;3;T3Q3;10.3;16.2;65.4
16/08/2019;Yawzi;3;T3Q4;11.5;32.2;54.6
16/08/2019;Yawzi;3;T3Q5;3.1;9.9;81.2
16/08/2019;Yawzi;3;T3Q6;5.2;29.5;64.2
16/08/2019;Yawzi;3;T3Q7;9.1;32.3;42.9
16/08/2019;Yawzi;3;T3Q8;13.8;29.6;44.4
16/08/2019;Yawzi;3;T3Q9;8;65.4;18.1
16/08/2019;Yawzi;3;T3Q10;11;68.1;13.6
01/07/2017;Yawzi;1;T1Q1;50;11.6;36.9
01/07/2017;Yawzi;1;T1Q2;8.2;48.2;37.9
01/07/2017;Yawzi;1;T1Q3;8.8;25.8;60.3
01/07/2017;Yawzi;1;T1Q4;9.7;48;37.8
01/07/2017;Yawzi;1;T1Q5;10.1;53;31.3
01/07/2017;Yawzi;1;T1Q6;2.5;55.8;36
01/07/2017;Yawzi;1;T1Q7;11.2;45.7;23.9
01/07/2017;Yawzi;1;T1Q8;10.6;46;24.2
01/07/2017;Yawzi;1;T1Q9;13.3;53.3;12.3
01/07/2017;Yawzi;1;T1Q10;9.8;59.8;13.9
01/07/2017;Yawzi;2;T2Q1;3.6;68.2;25.1
01/07/2017;Yawzi;2;T2Q2;2.5;54.9;38.1
01/07/2017;Yawzi;2;T2Q3;1.5;58.7;32.1
01/07/2017;Yawzi;2;T2Q4;4.6;57.4;28.4
01/07/2017;Yawzi;2;T2Q5;5.1;51.5;29.1
01/07/2017;Yawzi;2;T2Q6;4;46.5;31.3
01/07/2017;Yawzi;2;T2Q7;4.6;29.4;39.7
01/07/2017;Yawzi;2;T2Q8;4.2;38.1;24.2
01/07/2017;Yawzi;2;T2Q9;0;31.4;35.6
01/07/2017;Yawzi;2;T2Q10;1.6;16.6;33.2
01/07/2017;Yawzi;3;T3Q1;3.1;50;19.3
01/07/2017;Yawzi;3;T3Q2;6.2;64.9;16.5
01/07/2017;Yawzi;3;T3Q3;10.3;57.2;20.6
01/07/2017;Yawzi;3;T3Q4;0.5;45.8;37
01/07/2017;Yawzi;3;T3Q5;0.5;36.6;44.3
01/07/2017;Yawzi;3;T3Q6;0;17.6;61.1
01/07/2017;Yawzi;3;T3Q7;0;23.9;49.7
01/07/2017;Yawzi;3;T3Q8;0;28.2;41
01/07/2017;Yawzi;3;T3Q9;0;8;50.5
01/07/2017;Yawzi;3;T3Q10;3.2;16.5;61.7
01/11/2017;Yawzi;1;T1Q1;44.4;18.7;35.9
01/11/2017;Yawzi;1;T1Q2;2.5;46.2;44.2
01/11/2017;Yawzi;1;T1Q3;8.6;41.9;41.4
01/11/2017;Yawzi;1;T1Q4;22.8;35.5;33
01/11/2017;Yawzi;1;T1Q5;2;56.1;40.4
01/11/2017;Yawzi;1;T1Q6;9.5;47;37
01/11/2017;Yawzi;1;T1Q7;8.5;40.5;34
01/11/2017;Yawzi;1;T1Q8;9.5;59.3;19.6
01/11/2017;Yawzi;1;T1Q9;6.5;50.5;26.5
01/11/2017;Yawzi;1;T1Q10;10.7;46.7;38.1
01/11/2017;Yawzi;2;T2Q1;0;29.4;66.5
01/11/2017;Yawzi;2;T2Q2;3.6;35.5;54.3
01/11/2017;Yawzi;2;T2Q3;4.1;44.2;47.7
01/11/2017;Yawzi;2;T2Q4;1;48;36
01/11/2017;Yawzi;2;T2Q5;2;68;16
01/11/2017;Yawzi;2;T2Q6;0;55.3;21.1
01/11/2017;Yawzi;2;T2Q7;0.5;62.8;23.5
01/11/2017;Yawzi;2;T2Q8;0;65.3;14.6
01/11/2017;Yawzi;2;T2Q9;2;71.5;19.5
01/11/2017;Yawzi;2;T2Q10;0;71.5;24.2
01/11/2017;Yawzi;3;T3Q1;0.5;49.5;39
01/11/2017;Yawzi;3;T3Q2;3.5;73.7;18.7
01/11/2017;Yawzi;3;T3Q3;6.6;66.5;20.8
01/11/2017;Yawzi;3;T3Q4;0;67.5;19
01/11/2017;Yawzi;3;T3Q5;0;75.6;12.7
01/11/2017;Yawzi;3;T3Q6;0;51;33.5
01/11/2017;Yawzi;3;T3Q7;0;42.2;37.2
01/11/2017;Yawzi;3;T3Q8;0;59.8;27.6
01/11/2017;Yawzi;3;T3Q9;0;54;43
01/11/2017;Yawzi;3;T3Q10;1.5;70.2;17.7
26/07/2018;Yawzi;nd;1;40.3;22.5;34.6
26/07/2018;Yawzi;nd;2;2.6;44;49.7
26/07/2018;Yawzi;nd;3;12.3;23;58.3
26/07/2018;Yawzi;nd;4;10.8;33;48.5
26/07/2018;Yawzi;nd;5;9.2;27.7;62.6
26/07/2018;Yawzi;nd;6;2.6;40.6;47.9
26/07/2018;Yawzi;nd;7;7.7;43.1;44.1
26/07/2018;Yawzi;nd;8;6.2;31.8;49.2
26/07/2018;Yawzi;nd;9;7.8;24.5;45.8
26/07/2018;Yawzi;nd;10;3.7;40.8;54.5
26/07/2018;Yawzi;nd;1;1.6;41.7;49.5
26/07/2018;Yawzi;nd;2;4.1;45.9;48
26/07/2018;Yawzi;nd;3;11.9;36.6;50
26/07/2018;Yawzi;nd;4;0.5;19.5;68.7
26/07/2018;Yawzi;nd;5;0.5;18.6;75.3
26/07/2018;Yawzi;nd;6;0;25;71.9
26/07/2018;Yawzi;nd;7;0;20;73.7
26/07/2018;Yawzi;nd;8;0;35.2;61.1
26/07/2018;Yawzi;nd;9;0;34.5;58.2
26/07/2018;Yawzi;nd;10;2.1;42.5;46.6
26/07/2018;Yawzi;nd;1;0.5;76.7;19.7
26/07/2018;Yawzi;nd;2;0.5;44;54.5
26/07/2018;Yawzi;nd;3;2.1;45.3;50
26/07/2018;Yawzi;nd;4;2.1;42.6;40
26/07/2018;Yawzi;nd;5;2.6;33.8;58.5
26/07/2018;Yawzi;nd;6;0;24;68.9
26/07/2018;Yawzi;nd;7;0;10.4;80.3
26/07/2018;Yawzi;nd;8;0.5;25.5;69.3
26/07/2018;Yawzi;nd;9;1.5;13.7;70.1
26/07/2018;Yawzi;nd;10;0;8.2;85.2
23/07/2019;Yawzi;nd;1;36.7;43.7;12.1
23/07/2019;Yawzi;nd;2;3.5;57.1;19.2
23/07/2019;Yawzi;nd;3;6;63.3;20.1
23/07/2019;Yawzi;nd;4;16.5;66.5;10.5
23/07/2019;Yawzi;nd;5;7.1;70.7;18.2
23/07/2019;Yawzi;nd;6;2.5;77.4;15.6
23/07/2019;Yawzi;nd;7;9;64.5;18.5
23/07/2019;Yawzi;nd;8;3.5;60;23
23/07/2019;Yawzi;nd;9;3.5;66.3;12.6
23/07/2019;Yawzi;nd;10;4.5;75;11.5
23/07/2019;Yawzi;nd;1;1;88.5;6.5
23/07/2019;Yawzi;nd;2;1;88;8
23/07/2019;Yawzi;nd;3;3.5;77;14
23/07/2019;Yawzi;nd;4;0;76;12
23/07/2019;Yawzi;nd;5;4.5;60.5;28.5
23/07/2019;Yawzi;nd;6;1.5;40.5;27.5
23/07/2019;Yawzi;nd;7;0.5;32;47
23/07/2019;Yawzi;nd;8;0.5;36.5;50.5
23/07/2019;Yawzi;nd;9;1.5;22;50.5
23/07/2019;Yawzi;nd;10;0;23.3;31.6
23/07/2019;Yawzi;nd;1;0.5;56;23
23/07/2019;Yawzi;nd;2;3;68;19
23/07/2019;Yawzi;nd;3;9.5;47.5;26.5
23/07/2019;Yawzi;nd;4;0;36;48
23/07/2019;Yawzi;nd;5;0;31;43.5
23/07/2019;Yawzi;nd;6;0;44;47
23/07/2019;Yawzi;nd;7;0;42;45
23/07/2019;Yawzi;nd;8;1;41.5;33
23/07/2019;Yawzi;nd;9;0;51;29.5
23/07/2019;Yawzi;nd;10;2;51.5;28.5
02/08/2020;Yawzi;nd;1;26.7;17.3;53.9
02/08/2020;Yawzi;nd;2;1;34;55.7
02/08/2020;Yawzi;nd;3;9.4;33.9;42.7
02/08/2020;Yawzi;nd;4;12.4;36.8;42.5
02/08/2020;Yawzi;nd;5;8.3;42;44
02/08/2020;Yawzi;nd;6;2;44.4;51.5
02/08/2020;Yawzi;nd;7;3.1;56.9;29.7
02/08/2020;Yawzi;nd;8;1;44.3;40.7
02/08/2020;Yawzi;nd;9;7.3;29.5;49.2
02/08/2020;Yawzi;nd;10;1.5;44.6;47.2
02/08/2020;Yawzi;nd;1;1.5;60.2;32.7
02/08/2020;Yawzi;nd;2;2.1;50.8;43.6
02/08/2020;Yawzi;nd;3;4.1;43.6;44.6
02/08/2020;Yawzi;nd;4;1;29.6;53.8
02/08/2020;Yawzi;nd;5;5.1;35.2;53.1
02/08/2020;Yawzi;nd;6;1;27.5;32.1
02/08/2020;Yawzi;nd;7;0;33.2;33.2
02/08/2020;Yawzi;nd;8;0.5;34.5;36.5
02/08/2020;Yawzi;nd;9;2.1;21.8;38.3
02/08/2020;Yawzi;nd;10;0;13.6;35.1
02/08/2020;Yawzi;nd;1;0;46.6;37.8
02/08/2020;Yawzi;nd;2;4.6;55.7;30.9
02/08/2020;Yawzi;nd;3;7.3;53.9;30.4
02/08/2020;Yawzi;nd;4;0.5;30.1;58.5
02/08/2020;Yawzi;nd;5;0;25.9;51.3
02/08/2020;Yawzi;nd;6;0;23.5;42.3
02/08/2020;Yawzi;nd;7;0;18;56.2
02/08/2020;Yawzi;nd;8;1;30.4;31.9
02/08/2020;Yawzi;nd;9;0;36.8;44.6
02/08/2020;Yawzi;nd;10;1.6;26;41.7
